age,gender,income,education_level,marital_status,mental_health_condition,savings_amount,employment_status,family_size,debt_amount,physical_activity_level,credit_score,sleep_quality,risk_tolerance,insurance_coverage,social_support_network,stress_level,access_to_healthcare,financial_goals,resilience_score,calculated_risk_score,calculated_resilience_score,net_risk_score,risk_category,risk_resilience_ratio,debt_to_income_ratio
71,1,115148.12,4,2,1,81239.37,3,5,66501.48,3,460,2,1,1,3,7,0,3,12,50,70,-20,Low Risk,0.7,0.58
57,0,246203.66,4,0,1,125525.65,1,3,84779.9,1,836,1,2,1,0,10,1,1,56,50,100,-50,Low Risk,0.5,0.34
37,2,180458.5,4,0,2,28084.34,2,7,94440.06,2,705,1,0,0,10,8,0,2,97,59,83,-24,Low Risk,0.7,0.52
41,1,120722.82,4,2,3,188101.97,0,3,176293.35,0,575,0,0,0,8,4,0,0,43,97,46,51,High Risk,2.06,1.46
37,0,245162.43,3,2,1,18066.99,2,6,49861.81,2,559,2,0,1,7,8,1,2,99,44,74,-30,Low Risk,0.59,0.2
43,6,122599.85,4,3,2,169532.23,1,4,192061.15,3,318,3,2,1,6,9,1,0,27,80,75,5,Medium Risk,1.05,1.57
18,0,203734.57,3,2,2,78141.71,2,8,19647.92,2,617,0,0,0,10,4,0,2,20,68,77,-9,Medium Risk,0.87,0.1
31,1,122412.37,3,2,1,89702.96,3,5,37305.77,1,833,1,1,1,7,3,0,1,21,32,87,-55,Low Risk,0.36,0.3
77,5,193362.35,1,0,2,248557.11,1,9,152077.46,3,302,1,2,1,7,3,0,1,39,87,67,20,Medium Risk,1.28,0.79
72,0,46355.37,1,3,1,15762.89,2,10,144637.17,2,602,1,0,1,8,3,1,2,89,36,60,-24,Low Risk,0.59,3.12
27,0,63000.57,1,0,3,205096.24,3,9,59894.01,1,365,1,0,0,4,9,1,3,46,79,46,33,High Risk,1.68,0.95
45,1,159314.55,3,3,3,109769.28,2,2,169178.95,3,659,3,2,1,4,5,0,2,20,45,89,-44,Low Risk,0.5,1.06
29,1,15882.61,1,0,2,232822.57,0,4,151732.63,3,447,0,1,1,8,8,1,3,64,95,45,50,High Risk,2.07,9.55
56,1,111904.78,2,1,3,207012.08,2,1,17592.32,1,739,1,0,1,0,2,1,3,17,21,80,-59,Low Risk,0.26,0.16
25,1,96125.42,1,0,2,226751.61,0,5,21711.39,2,467,0,1,0,8,1,1,3,27,77,49,28,High Risk,1.54,0.23
59,1,44714.77,1,2,1,179860.78,0,4,224391.56,0,720,2,1,0,1,2,0,0,74,90,42,48,High Risk,2.09,5.02
19,1,158602.59,3,3,3,34777.31,1,8,127893.83,3,796,3,0,1,4,6,1,0,65,57,79,-22,Low Risk,0.71,0.81
85,0,73785.39,2,3,3,147725.67,2,2,138785.83,1,409,2,0,1,4,0,0,4,27,49,60,-11,Low Risk,0.8,1.88
54,1,98645.08,2,0,2,1855.96,3,9,14558.04,0,710,0,2,0,3,6,0,3,79,49,63,-14,Low Risk,0.77,0.15
56,1,243650.61,3,0,1,54815.62,3,3,12000.64,2,473,3,1,1,3,7,1,2,54,35,82,-47,Low Risk,0.42,0.05
19,0,168533.55,4,2,0,921.12,0,10,59223.96,1,836,3,0,1,4,1,1,2,73,68,78,-10,Low Risk,0.86,0.35
76,1,136095.08,2,2,2,223454.08,1,5,201560.41,2,664,3,2,0,5,8,1,2,70,75,76,-1,Medium Risk,0.97,1.48
47,0,48333.67,1,0,1,216433.38,1,6,116671.05,0,727,3,2,0,0,9,1,4,14,72,56,16,Medium Risk,1.26,2.41
75,0,77610.21,1,0,3,58564.07,2,4,53390.64,0,580,1,0,0,1,10,0,3,50,63,43,20,Medium Risk,1.43,0.69
82,3,162968.91,1,1,2,180694.78,3,3,204228.89,2,364,2,1,0,10,0,0,1,9,76,70,6,Medium Risk,1.07,1.25
67,2,205314.05,1,0,3,7352.75,0,7,22430.57,2,784,1,1,1,6,10,1,3,3,53,83,-30,Low Risk,0.63,0.11
54,7,168520.08,4,1,3,14580.46,1,6,105395.13,3,838,2,0,0,5,3,0,4,6,60,84,-24,Low Risk,0.71,0.63
69,0,106604.58,1,3,0,98433.03,0,5,20413.82,3,457,0,2,1,7,4,1,1,16,49,69,-20,Low Risk,0.7,0.19
72,0,67087.14,1,1,3,166386.6,1,3,126215.64,0,821,2,1,0,4,4,1,3,40,48,73,-25,Low Risk,0.65,1.88
27,1,75675.06,4,1,3,193364.69,2,1,64859.49,1,627,1,2,1,0,3,0,4,64,46,59,-13,Low Risk,0.77,0.86
21,6,161925.05,4,1,2,8043.8,2,9,49467.18,3,769,1,1,1,4,8,0,1,31,52,86,-34,Low Risk,0.6,0.31
73,0,88008.67,3,1,0,46856.63,0,7,195144.82,2,508,0,0,1,6,0,1,1,50,65,47,18,Medium Risk,1.35,2.22
81,0,226076.49,1,3,0,98205.66,1,2,166111.13,3,400,0,2,1,0,8,1,1,24,67,66,1,Medium Risk,1.0,0.73
75,0,37656.3,1,2,1,172433.32,2,1,155968.69,1,456,1,1,1,3,2,1,0,93,60,45,15,Medium Risk,1.3,4.14
84,0,120967.53,1,2,0,49678.58,2,3,175632.43,0,794,3,0,1,5,10,1,1,64,39,77,-38,Low Risk,0.5,1.45
54,1,33387.58,3,1,2,186299.27,1,1,78338.14,1,533,2,0,1,7,5,1,0,25,46,45,1,Medium Risk,1.0,2.35
51,0,146811.0,4,0,2,195022.88,1,4,81916.15,3,480,3,0,1,10,2,0,1,30,61,71,-10,Low Risk,0.85,0.56
72,5,172055.21,1,3,0,119936.26,3,4,9350.48,1,521,1,1,1,3,10,1,0,72,27,72,-45,Low Risk,0.37,0.05
24,0,20352.78,1,3,2,2981.89,2,4,197572.41,1,334,0,1,0,1,5,0,3,83,90,33,57,High Risk,2.65,9.71
24,1,201090.39,4,1,3,17964.97,1,9,106500.35,3,535,3,0,0,4,2,1,2,28,79,61,18,Medium Risk,1.27,0.53
54,0,26895.38,4,2,1,4938.64,3,10,35636.49,1,553,2,1,0,2,10,1,2,4,62,45,17,Medium Risk,1.35,1.32
46,0,162447.0,4,2,3,197799.14,3,10,54380.83,3,791,1,1,0,6,10,1,4,63,57,98,-41,Low Risk,0.58,0.33
39,5,107436.1,2,1,0,68920.52,3,9,131741.18,1,665,2,0,0,4,9,0,2,25,64,63,1,Medium Risk,1.0,1.23
28,1,246086.33,2,1,0,78514.26,1,4,189784.24,2,376,3,2,0,7,2,1,0,51,71,60,11,Medium Risk,1.16,0.77
74,1,90041.1,3,0,2,110908.31,1,1,23043.6,3,434,1,1,0,7,6,0,0,77,64,58,6,Medium Risk,1.08,0.26
33,1,169112.61,3,3,0,107650.85,2,4,150774.89,2,469,1,1,1,2,0,1,4,6,50,74,-24,Low Risk,0.67,0.89
35,0,225923.96,1,2,2,155589.52,1,9,20575.8,0,736,1,0,1,0,4,1,2,97,52,74,-22,Low Risk,0.69,0.09
67,1,91288.82,3,2,3,21475.01,2,4,94037.1,1,578,2,1,0,6,1,0,0,31,51,54,-3,Medium Risk,0.93,1.03
82,1,241907.76,1,2,1,195829.63,2,7,35933.57,0,645,0,0,0,8,6,1,4,61,39,78,-39,Low Risk,0.49,0.15
74,1,177092.05,3,1,3,244900.41,0,10,14850.45,0,617,2,1,0,2,0,1,2,24,60,70,-10,Low Risk,0.85,0.08
54,4,5811.9,2,0,2,94204.05,3,5,130584.43,3,326,2,2,0,8,0,1,4,27,67,58,9,Medium Risk,1.14,22.46
70,1,231695.66,1,1,3,183838.32,1,10,108420.74,0,580,1,1,0,9,0,1,2,3,64,65,-1,Medium Risk,0.97,0.47
70,0,214087.77,3,1,1,214674.6,3,8,57689.03,2,520,1,1,0,3,3,0,1,42,55,79,-24,Low Risk,0.69,0.27
24,1,14628.36,4,3,2,222050.6,0,1,237632.16,2,584,3,0,0,5,7,1,1,17,100,47,53,High Risk,2.08,16.24
44,1,203865.71,4,1,1,8713.62,2,5,226517.39,0,818,2,1,0,3,5,1,1,33,47,88,-41,Low Risk,0.53,1.11
53,0,105187.94,4,1,2,149198.48,1,1,14220.93,0,331,0,0,0,5,3,1,1,38,63,59,4,Medium Risk,1.05,0.14
49,1,171251.63,1,0,2,47976.75,3,3,125323.13,3,342,3,1,1,5,1,0,0,94,59,55,4,Medium Risk,1.05,0.73
57,0,99051.66,4,1,0,241881.99,3,1,227742.87,2,352,3,2,1,4,10,0,2,90,68,68,0,Medium Risk,0.99,2.3
28,0,196645.96,2,0,0,210803.11,0,1,169575.86,0,507,3,0,0,8,0,0,1,73,95,52,43,High Risk,1.79,0.86
51,0,151649.36,2,3,3,87255.38,0,8,93986.76,1,739,1,2,1,10,6,1,3,50,57,81,-24,Low Risk,0.7,0.62
65,1,235538.13,2,2,2,189427.27,1,7,154495.95,2,316,1,2,0,0,4,1,3,23,81,64,17,Medium Risk,1.25,0.66
53,1,192316.4,3,3,2,50431.36,3,6,172092.27,0,490,0,1,1,10,6,1,3,38,54,74,-20,Low Risk,0.72,0.89
80,1,72155.58,2,3,0,69244.62,2,5,207519.34,2,716,1,0,0,9,0,0,2,86,43,79,-36,Low Risk,0.54,2.88
69,1,188842.52,2,0,3,98242.62,2,1,135471.17,3,599,0,2,0,1,1,0,4,8,67,63,4,Medium Risk,1.05,0.72
24,1,99780.41,2,0,0,45384.61,1,8,201288.05,3,549,3,0,1,7,10,0,1,13,90,44,46,High Risk,2.0,2.02
44,1,194499.94,4,1,3,33726.76,2,3,208542.14,1,504,2,2,1,5,7,1,4,98,54,71,-17,Low Risk,0.75,1.07
56,0,640.35,3,1,0,155437.51,1,1,50048.59,1,393,0,2,0,7,1,1,1,94,63,48,15,Medium Risk,1.29,78.04
49,1,7006.27,2,0,0,157182.32,0,7,246160.71,2,407,0,0,0,1,10,1,1,59,100,31,69,High Risk,3.12,35.13
82,1,111377.29,1,1,1,80977.85,3,1,75870.47,3,303,1,1,1,10,3,1,4,21,40,65,-25,Low Risk,0.61,0.68
83,0,142359.69,2,2,1,104379.86,3,9,188758.37,1,761,3,1,0,0,5,1,1,92,61,81,-20,Low Risk,0.74,1.33
70,0,21603.34,2,0,1,75043.61,2,6,40357.08,2,408,0,1,0,4,1,0,2,52,52,51,1,Medium Risk,1.0,1.87
69,0,154709.29,3,1,3,175243.27,2,1,246995.99,0,654,1,2,0,6,5,0,3,37,62,80,-18,Low Risk,0.77,1.6
77,0,58718.45,4,2,3,218008.93,0,5,13956.94,3,473,1,2,1,6,6,1,1,67,65,71,-6,Medium Risk,0.9,0.24
72,1,168482.22,1,3,3,129867.86,0,7,46770.35,0,618,2,2,1,1,8,1,2,85,50,70,-20,Low Risk,0.7,0.28
55,0,59353.09,1,1,3,79508.95,0,8,104208.69,1,741,1,1,0,1,5,1,4,73,78,49,29,High Risk,1.56,1.76
79,5,194598.78,1,2,0,43983.14,1,8,173571.4,0,668,2,0,1,1,6,0,0,80,76,49,27,High Risk,1.52,0.89
43,0,121380.82,4,1,2,4198.23,0,3,61571.85,2,564,2,0,1,5,6,0,4,13,72,46,26,High Risk,1.53,0.51
40,1,58879.59,1,0,1,161695.46,0,3,77002.33,2,306,1,0,1,6,5,0,3,82,77,40,37,High Risk,1.88,1.31
43,1,249104.65,3,3,1,81937.72,0,7,7531.42,2,462,2,2,0,2,8,1,3,84,74,72,2,Medium Risk,1.01,0.03
26,0,82040.65,2,2,1,35485.18,3,4,171609.56,1,354,3,0,0,9,7,0,3,61,89,49,40,High Risk,1.78,2.09
32,1,6821.15,2,3,1,51921.98,0,3,13247.08,2,567,3,1,1,8,5,1,4,72,55,52,3,Medium Risk,1.04,1.94
33,0,122415.46,3,0,1,201010.72,0,7,25895.13,1,521,0,0,1,1,0,1,1,54,72,51,21,High Risk,1.38,0.21
43,0,62813.56,3,3,1,79388.57,1,5,4539.03,2,520,0,2,1,5,0,1,3,55,45,67,-22,Low Risk,0.66,0.07
71,0,193157.53,1,2,3,213375.37,3,10,157189.56,1,720,3,1,1,1,8,1,3,5,62,83,-21,Low Risk,0.74,0.81
23,1,211787.05,2,0,0,153308.86,1,4,155507.29,2,578,1,0,1,0,1,0,2,99,74,51,23,High Risk,1.42,0.73
60,0,234031.91,4,1,2,138856.2,1,5,85536.61,0,439,1,2,1,5,7,0,1,49,60,73,-13,Low Risk,0.81,0.37
28,1,207253.28,4,3,1,108105.03,1,9,145389.2,3,306,3,0,1,3,5,1,4,64,68,77,-9,Medium Risk,0.87,0.7
85,1,215999.55,1,3,3,127013.59,1,6,68643.09,3,736,0,1,0,4,2,1,1,49,44,90,-46,Low Risk,0.48,0.32
61,1,232192.05,4,3,3,152720.4,3,2,104511.32,2,509,2,1,0,9,5,1,1,80,46,86,-40,Low Risk,0.53,0.45
43,1,187084.03,2,3,3,187142.1,0,5,155021.08,0,390,2,1,1,0,2,0,0,31,88,48,40,High Risk,1.8,0.83
60,1,244963.37,4,1,0,52498.5,3,7,62385.59,0,376,2,2,1,7,0,1,3,39,30,83,-53,Low Risk,0.36,0.25
37,1,20171.49,3,3,2,217182.81,2,2,62733.74,2,403,2,1,0,10,6,0,4,96,56,65,-9,Medium Risk,0.85,3.11
39,0,200412.66,1,3,0,249901.08,3,4,100210.04,2,751,3,0,1,6,1,1,3,31,24,100,-76,Low Risk,0.24,0.5
58,1,60555.93,4,3,0,217094.33,3,8,91388.86,0,526,1,0,1,7,9,0,3,19,38,65,-27,Low Risk,0.58,1.51
59,0,221973.97,1,0,3,7796.49,0,3,111891.89,2,303,2,2,1,9,10,1,4,72,86,62,24,High Risk,1.37,0.5
58,0,64332.11,4,3,3,92302.75,2,6,65793.1,2,474,0,2,0,9,10,1,2,7,58,72,-14,Low Risk,0.79,1.02
70,1,122038.41,3,3,0,114566.57,2,1,133095.9,2,639,3,1,1,2,6,1,3,25,33,82,-49,Low Risk,0.4,1.09
66,6,233227.42,1,2,2,161339.35,0,4,157409.56,0,577,3,1,1,4,6,1,3,24,85,62,23,High Risk,1.35,0.67
69,1,74822.33,2,1,3,218169.47,2,8,89232.45,3,550,1,0,1,5,5,0,4,59,42,61,-19,Low Risk,0.68,1.19
21,3,147230.57,2,1,2,104067.5,3,7,177606.37,1,844,0,1,0,7,5,0,0,11,70,74,-4,Medium Risk,0.93,1.21
51,0,85250.74,2,0,1,223442.81,2,2,10815.72,1,373,2,0,1,6,9,1,0,82,46,63,-17,Low Risk,0.72,0.13
62,0,180934.47,1,3,2,214129.92,1,2,162517.14,2,622,3,0,0,3,0,0,2,30,67,66,1,Medium Risk,1.0,0.9
48,1,116451.96,3,3,2,209160.48,0,1,29022.92,0,677,1,0,0,6,8,1,0,34,64,62,2,Medium Risk,1.02,0.25
68,0,31266.18,4,0,3,22667.58,1,5,159788.21,3,536,2,2,1,6,4,0,3,19,67,56,11,Medium Risk,1.18,5.11
69,1,204014.74,3,0,2,60112.39,1,9,187140.29,3,743,3,0,0,1,3,1,0,15,69,75,-6,Medium Risk,0.91,0.92
49,0,38423.1,3,1,3,203475.38,0,8,214991.45,3,840,1,1,1,6,7,1,0,86,79,72,7,Medium Risk,1.08,5.6
47,0,238729.53,1,0,1,3282.41,2,3,35761.5,2,766,1,0,0,0,2,0,0,83,41,71,-30,Low Risk,0.57,0.15
62,1,78619.46,1,2,0,100727.39,0,8,49463.32,1,329,2,1,0,5,9,0,1,52,85,43,42,High Risk,1.93,0.63
77,0,92525.4,1,3,0,204721.82,1,2,185246.94,3,407,2,0,0,7,7,0,3,50,71,58,13,Medium Risk,1.2,2.0
26,0,108151.89,3,0,3,10219.12,1,1,210938.82,1,767,0,1,1,10,9,0,3,58,85,66,19,Medium Risk,1.27,1.95
44,0,185827.85,4,2,0,15285.19,2,10,201867.91,3,460,2,1,1,5,3,1,2,39,66,71,-5,Medium Risk,0.92,1.09
63,4,177391.6,1,0,2,146243.74,1,3,208432.46,0,446,2,1,1,3,2,0,4,64,82,53,29,High Risk,1.52,1.17
74,1,162572.72,2,1,0,66656.87,3,10,147073.01,1,735,2,0,1,1,4,1,0,70,30,71,-41,Low Risk,0.42,0.9
33,0,168541.28,1,1,3,158409.76,0,4,161060.86,0,841,2,2,1,5,6,1,1,2,71,77,-6,Medium Risk,0.91,0.96
29,1,123962.95,3,3,1,67573.32,0,1,202279.99,1,372,3,2,1,9,9,0,2,29,100,58,42,High Risk,1.69,1.63
27,1,220255.47,3,2,1,115501.04,1,1,101343.28,1,597,0,1,1,5,8,1,2,91,80,64,16,Medium Risk,1.23,0.46
21,1,109506.24,2,0,2,1797.95,3,4,213939.01,1,762,3,1,0,1,4,0,2,99,72,63,9,Medium Risk,1.12,1.95
32,1,32308.85,3,3,1,231883.63,3,4,246281.64,0,341,0,2,0,4,8,0,4,27,89,55,34,High Risk,1.59,7.62
68,3,191064.42,4,3,2,218832.52,0,9,86677.96,3,693,1,2,0,10,4,0,3,3,73,91,-18,Low Risk,0.79,0.45
29,0,24819.31,1,0,3,215843.03,0,5,32124.37,0,731,1,1,1,2,2,0,1,67,65,45,20,Medium Risk,1.41,1.29
31,1,137110.8,1,3,0,50258.87,1,5,96551.54,2,445,0,1,0,9,4,1,2,77,59,55,4,Medium Risk,1.05,0.7
24,7,6139.08,2,1,0,27012.61,2,2,212403.74,1,842,1,2,0,10,7,1,1,63,61,68,-7,Medium Risk,0.88,34.59
34,1,30029.17,4,0,2,17717.76,1,8,153845.79,3,456,1,2,0,6,7,0,0,7,98,41,57,High Risk,2.33,5.12
41,0,213167.23,2,0,0,136632.0,1,2,139392.75,2,332,0,0,1,10,8,1,3,5,72,64,8,Medium Risk,1.11,0.65
21,7,63975.28,1,0,1,145983.54,1,2,22701.13,0,438,3,0,0,6,5,0,3,78,79,44,35,High Risk,1.76,0.35
20,1,198306.25,1,0,2,23151.62,2,6,201781.73,2,607,2,1,1,2,7,1,3,30,67,61,6,Medium Risk,1.08,1.02
50,0,123104.49,2,1,3,107363.63,1,3,203626.38,3,391,2,0,0,2,0,1,2,94,84,55,29,High Risk,1.5,1.65
37,0,132234.98,4,2,0,28518.41,0,5,63643.31,1,819,3,2,0,6,1,1,4,74,59,82,-23,Low Risk,0.71,0.48
76,1,114724.63,2,0,1,185281.19,2,2,183393.03,1,561,3,2,0,5,6,0,3,41,64,67,-3,Medium Risk,0.94,1.6
31,0,249336.76,4,1,3,87904.59,3,3,170889.4,1,448,3,1,1,1,4,0,4,8,68,66,2,Medium Risk,1.01,0.69
55,0,141842.2,4,2,2,47855.59,2,6,2152.06,3,737,3,1,1,2,4,0,2,14,35,89,-54,Low Risk,0.39,0.02
36,1,85499.75,2,0,2,81504.25,1,6,196113.72,3,732,0,2,1,6,3,1,1,78,57,70,-13,Low Risk,0.8,2.29
36,0,107999.98,4,1,0,132789.48,0,8,215112.79,3,732,3,1,0,9,5,0,3,49,85,80,5,Medium Risk,1.05,1.99
30,0,145887.42,1,1,0,171520.82,1,2,35300.05,2,645,0,2,0,5,4,1,3,94,45,58,-13,Low Risk,0.76,0.24
57,1,43374.1,3,1,0,15906.11,1,1,19629.54,3,519,1,1,0,9,7,0,4,71,49,47,2,Medium Risk,1.02,0.45
50,0,194555.75,4,1,0,58518.29,0,5,112571.17,2,750,0,1,1,6,3,0,4,53,56,81,-25,Low Risk,0.68,0.58
65,1,123696.48,4,0,2,26797.02,2,4,110359.29,3,493,3,1,1,1,2,1,4,19,48,71,-23,Low Risk,0.67,0.89
64,0,174286.19,1,1,0,134314.65,0,9,92343.98,3,504,2,2,1,4,7,0,4,93,69,60,9,Medium Risk,1.13,0.53
46,0,102659.15,1,1,1,100654.34,2,10,185098.85,1,727,1,1,1,0,4,0,4,26,58,67,-9,Medium Risk,0.85,1.8
65,0,190296.1,3,1,1,248263.75,1,4,25241.98,2,769,2,0,1,8,1,1,4,50,24,100,-76,Low Risk,0.24,0.13
69,0,24689.4,4,1,2,199975.54,3,9,224775.85,3,655,1,2,0,4,5,1,2,37,60,73,-13,Low Risk,0.81,9.1
18,1,189490.66,3,3,1,52902.42,1,7,73260.47,1,482,1,2,0,7,3,1,2,4,68,67,1,Medium Risk,1.0,0.39
81,3,215123.58,4,2,0,152849.42,3,5,147456.26,1,765,1,2,0,1,0,0,1,35,50,93,-43,Low Risk,0.53,0.69
67,6,219258.11,4,1,1,182989.02,1,1,172153.24,0,718,0,2,0,4,2,0,1,22,74,82,-8,Medium Risk,0.89,0.79
24,1,145943.42,2,0,0,167271.16,2,10,24786.91,2,460,1,0,0,4,3,0,0,64,59,56,3,Medium Risk,1.04,0.17
57,5,236201.91,1,2,2,94118.25,2,8,19165.97,3,729,3,1,0,7,9,1,3,66,53,95,-42,Low Risk,0.55,0.08
83,1,59531.79,2,2,1,186099.52,1,2,168679.73,0,513,2,0,0,6,10,0,2,81,82,48,34,High Risk,1.67,2.83
82,0,243864.15,3,1,1,115984.63,0,10,103503.16,1,417,1,0,1,8,3,1,1,97,76,69,7,Medium Risk,1.09,0.42
74,1,73230.75,1,1,3,177247.03,1,1,147821.12,2,729,1,0,0,10,3,0,3,59,57,64,-7,Medium Risk,0.88,2.02
57,0,129206.23,4,3,2,143059.85,0,7,220231.62,0,534,1,2,0,10,3,0,3,29,91,65,26,High Risk,1.38,1.7
23,0,31675.86,2,1,0,34872.59,2,7,208216.23,3,467,2,2,0,2,6,1,0,57,77,40,37,High Risk,1.88,6.57
67,0,12057.24,3,3,3,198268.52,0,2,63450.17,3,740,0,1,1,10,2,1,1,63,52,73,-21,Low Risk,0.7,5.26
29,0,94101.68,2,1,3,130204.12,0,4,201105.31,2,850,3,2,0,7,7,1,1,86,85,75,10,Medium Risk,1.12,2.14
23,1,124236.39,2,2,2,45517.33,0,6,48851.99,0,642,0,2,0,1,10,0,2,83,92,42,50,High Risk,2.14,0.39
81,0,49609.0,2,3,3,90482.19,2,2,223866.7,1,555,0,1,1,9,7,1,3,60,57,60,-3,Medium Risk,0.93,4.51
70,1,157473.0,3,2,2,102613.01,3,10,249435.36,3,551,2,2,1,8,6,1,4,30,65,84,-19,Low Risk,0.76,1.58
71,1,201189.7,4,0,0,159159.95,0,8,4655.65,2,579,1,0,1,9,0,1,3,66,50,79,-29,Low Risk,0.62,0.02
28,0,30168.06,2,1,2,64753.58,3,4,141057.86,1,428,3,0,1,10,8,0,2,47,66,47,19,Medium Risk,1.38,4.68
46,0,60755.18,3,0,3,83510.91,2,7,37460.71,1,628,2,0,0,10,4,1,1,83,37,62,-25,Low Risk,0.59,0.62
64,2,104807.46,3,2,2,73482.75,0,5,91835.93,0,781,3,1,1,6,2,0,4,71,65,73,-8,Medium Risk,0.88,0.88
47,5,12738.17,3,1,1,133572.7,0,6,11783.98,1,469,0,2,1,8,10,0,4,69,79,45,34,High Risk,1.72,0.93
67,1,117195.07,3,0,1,41644.07,1,1,212914.55,2,393,1,2,0,10,7,1,4,11,87,59,28,High Risk,1.45,1.82
19,1,231481.45,1,2,2,98069.53,3,9,229873.98,0,530,0,2,0,0,8,1,1,89,100,50,50,High Risk,1.96,0.99
64,0,211543.64,4,3,1,130841.19,3,9,72129.86,2,660,3,0,1,0,1,0,3,0,41,93,-52,Low Risk,0.44,0.34
38,1,239196.59,3,1,2,248756.15,3,1,24743.01,0,761,3,1,1,10,2,1,1,21,17,100,-83,Low Risk,0.17,0.1
30,1,230980.39,2,3,0,88756.23,2,9,6150.57,2,471,2,2,0,0,5,0,4,28,48,77,-29,Low Risk,0.62,0.03
68,1,249970.48,4,3,2,138192.95,0,4,105721.38,2,669,3,0,1,6,9,0,4,71,67,88,-21,Low Risk,0.75,0.42
80,2,218822.6,2,0,0,239039.25,0,5,28310.51,1,371,1,1,0,3,7,0,0,21,77,61,16,Medium Risk,1.24,0.13
41,1,93032.98,1,2,3,189826.55,1,5,229203.1,0,780,3,0,0,4,7,0,4,0,77,63,14,Medium Risk,1.2,2.46
85,1,156540.9,1,0,2,162707.63,1,10,71198.74,2,603,1,1,0,8,1,0,2,42,62,70,-8,Medium Risk,0.87,0.45
44,1,75598.78,2,1,0,3949.45,1,10,171314.17,2,358,0,0,1,10,7,1,4,65,73,43,30,High Risk,1.66,2.27
83,3,96708.97,4,3,0,66259.34,0,10,213159.48,0,530,0,2,0,3,4,1,0,79,86,47,39,High Risk,1.79,2.2
55,0,228010.2,3,0,3,25859.02,1,9,170376.62,0,441,3,1,0,5,3,1,3,72,84,61,23,High Risk,1.35,0.75
40,1,203750.39,2,3,3,52260.91,0,6,186061.52,3,690,1,2,1,8,6,1,0,27,68,77,-9,Medium Risk,0.87,0.91
84,1,154377.14,4,2,2,103801.81,0,10,84172.14,0,701,1,1,1,5,7,0,3,96,70,76,-6,Medium Risk,0.91,0.55
46,0,140139.7,4,0,2,82419.24,1,7,146705.99,1,490,2,0,0,7,0,0,4,65,80,56,24,High Risk,1.4,1.05
39,0,140359.48,1,2,1,187195.55,0,6,212905.36,3,353,1,2,1,10,10,0,3,88,100,54,46,High Risk,1.82,1.52
69,1,9172.9,2,2,0,86093.45,0,7,120610.48,3,388,1,1,1,8,0,0,3,26,74,46,28,High Risk,1.57,13.15
62,0,122674.96,3,3,1,119014.13,1,2,170883.51,0,698,3,1,0,0,4,0,1,79,71,68,3,Medium Risk,1.03,1.39
44,0,213691.88,4,0,0,37367.33,3,10,6949.89,1,634,0,1,0,7,0,0,0,75,47,73,-26,Low Risk,0.64,0.03
43,1,124781.75,2,3,2,52526.37,0,7,16282.73,2,474,0,1,1,8,9,1,0,35,65,61,4,Medium Risk,1.05,0.13
40,1,88372.68,1,3,2,231557.85,2,6,198669.89,1,787,3,0,0,4,6,1,4,83,46,80,-34,Low Risk,0.57,2.25
50,1,33599.28,3,3,3,127474.6,0,3,242426.52,3,644,2,2,1,9,5,0,2,13,72,65,7,Medium Risk,1.09,7.22
49,2,94330.3,3,3,0,22000.94,0,7,144293.27,2,832,0,0,1,3,6,1,0,99,61,65,-4,Medium Risk,0.92,1.53
69,0,170006.48,3,2,1,117577.76,1,9,69828.03,1,552,3,0,0,5,8,0,2,68,82,66,16,Medium Risk,1.22,0.41
18,2,242000.76,2,0,0,163446.28,2,8,152214.68,2,601,0,2,0,0,3,0,0,2,85,62,23,High Risk,1.35,0.63
57,1,235984.47,4,2,3,175697.97,1,4,145487.46,2,547,3,1,0,8,2,1,4,25,66,78,-12,Low Risk,0.84,0.62
60,0,111693.5,4,3,2,70944.7,1,4,192014.83,1,838,0,0,1,8,1,1,1,57,50,92,-42,Low Risk,0.54,1.72
78,0,224330.82,4,1,3,116668.62,0,10,238686.81,2,601,2,0,0,10,6,0,2,54,95,75,20,Medium Risk,1.25,1.06
51,0,206735.99,4,3,3,3528.4,0,4,95946.61,1,465,1,1,1,5,8,1,0,2,70,60,10,Medium Risk,1.15,0.46
19,1,74175.38,4,1,3,99852.49,1,3,242479.02,1,700,2,2,0,4,4,1,0,89,72,60,12,Medium Risk,1.18,3.27
34,1,227468.67,3,2,1,181433.0,1,3,43980.42,0,705,3,1,0,9,8,1,2,77,57,89,-32,Low Risk,0.63,0.19
51,1,75646.95,2,2,3,109970.35,3,6,76234.38,2,540,0,1,0,2,10,0,4,79,68,53,15,Medium Risk,1.26,1.01
38,1,129661.78,2,0,2,108151.1,3,10,33699.08,3,765,0,1,1,3,6,0,1,32,40,83,-43,Low Risk,0.48,0.26
64,0,114063.4,3,3,2,66781.68,2,5,222044.17,3,456,2,1,1,9,9,1,4,95,62,81,-19,Low Risk,0.76,1.95
77,0,61732.24,2,1,2,102043.67,2,4,177441.75,1,391,3,0,1,3,3,0,2,17,58,57,1,Medium Risk,1.0,2.87
62,0,249698.55,4,1,3,22015.66,1,10,33754.34,1,779,1,2,1,2,1,0,3,75,44,89,-45,Low Risk,0.49,0.14
33,0,24588.73,3,1,3,13979.61,0,9,227560.63,2,527,0,1,1,0,10,0,2,79,100,27,73,High Risk,3.57,9.25
28,0,64918.53,4,2,0,162860.94,0,10,34042.04,2,719,0,2,0,10,8,1,2,62,78,70,8,Medium Risk,1.1,0.52
26,1,49860.11,3,1,1,73015.71,1,7,228412.23,2,305,2,1,0,3,1,0,3,93,90,42,48,High Risk,2.09,4.58
65,1,164917.47,4,2,2,245830.52,3,2,31419.7,1,468,2,0,1,3,7,0,2,19,42,75,-33,Low Risk,0.55,0.19
63,0,167818.84,2,1,3,171197.1,3,1,159397.4,0,316,0,2,0,0,0,0,4,40,81,56,25,High Risk,1.42,0.95
74,0,193601.52,4,1,2,76476.32,1,5,97010.0,3,399,0,0,1,10,10,0,0,91,69,64,5,Medium Risk,1.06,0.5
32,4,219674.62,2,3,2,132418.55,0,10,102247.84,3,353,2,0,1,5,2,1,1,53,89,68,21,High Risk,1.29,0.47
35,1,65729.07,4,1,2,29249.77,2,10,206738.15,1,632,1,2,1,8,7,1,2,54,56,69,-13,Low Risk,0.8,3.15
56,1,120490.66,2,3,3,166329.7,3,5,80324.71,3,645,1,0,1,5,4,1,2,0,24,75,-51,Low Risk,0.32,0.67
74,4,213849.63,4,2,1,63897.44,0,2,220928.37,2,318,1,0,0,6,8,1,3,41,100,61,39,High Risk,1.61,1.03
32,0,221291.37,4,2,3,46191.29,0,4,12892.44,0,814,0,0,0,10,9,0,1,3,81,83,-2,Medium Risk,0.96,0.06
20,0,36106.28,4,1,3,100977.36,2,6,96984.62,0,836,3,0,1,1,8,1,2,18,46,75,-29,Low Risk,0.61,2.69
63,1,40386.58,4,3,1,86063.85,3,8,14708.19,2,352,3,0,1,1,3,0,1,12,43,62,-19,Low Risk,0.68,0.36
82,1,115894.47,3,3,0,99692.89,3,3,96220.39,3,694,2,0,1,8,9,1,4,7,21,88,-67,Low Risk,0.24,0.83
33,1,214934.5,2,3,3,118542.26,2,2,150380.54,2,499,3,0,0,0,5,0,1,49,73,67,6,Medium Risk,1.07,0.7
38,4,7976.94,4,0,0,56336.02,2,5,1624.96,0,615,2,0,0,6,0,0,2,29,39,61,-22,Low Risk,0.63,0.2
56,1,34893.6,4,2,1,5450.16,1,5,122778.78,2,401,2,0,1,9,2,1,4,20,61,51,10,Medium Risk,1.17,3.52
55,1,179698.03,1,3,1,24758.22,2,1,160738.11,3,414,1,2,0,1,1,1,2,48,63,61,2,Medium Risk,1.02,0.89
38,0,137338.61,4,0,2,135603.03,2,6,99965.34,1,737,3,2,1,7,8,0,0,79,46,83,-37,Low Risk,0.55,0.73
79,1,113864.95,1,3,3,28937.09,2,3,209648.55,1,384,1,1,0,7,8,0,3,8,75,62,13,Medium Risk,1.19,1.84
32,7,140566.4,2,2,3,175869.55,1,2,149667.91,2,429,0,0,1,10,1,0,0,79,87,45,42,High Risk,1.89,1.06
18,0,214863.92,4,0,2,24332.79,2,9,79068.96,2,737,0,1,0,9,8,0,3,40,77,88,-11,Low Risk,0.87,0.37
29,0,219424.4,2,1,0,207681.81,2,10,140444.23,2,656,0,0,1,8,10,1,0,88,54,78,-24,Low Risk,0.68,0.64
68,0,194818.22,2,3,0,103295.85,0,5,118063.8,0,440,2,2,1,1,3,1,0,69,64,58,6,Medium Risk,1.08,0.61
29,0,160880.72,1,2,0,128724.02,3,9,74622.41,2,520,2,0,1,2,7,1,1,26,58,61,-3,Medium Risk,0.94,0.46
28,1,76212.23,3,0,1,99798.79,2,2,1676.8,3,848,2,2,0,7,8,1,1,46,39,92,-53,Low Risk,0.42,0.02
25,0,173375.08,3,2,2,31619.68,2,9,220249.34,1,607,3,2,0,5,1,0,4,59,84,69,15,Medium Risk,1.2,1.27
41,0,87681.4,1,0,1,238940.41,0,5,34893.44,1,322,0,2,0,0,8,1,3,56,91,43,48,High Risk,2.07,0.4
84,1,54075.49,2,1,3,130664.08,0,1,140224.12,1,798,0,2,1,3,8,1,0,85,63,62,1,Medium Risk,1.0,2.59
41,0,145843.7,1,0,1,10368.64,1,1,118039.47,2,694,2,1,1,3,2,0,2,100,65,51,14,Medium Risk,1.25,0.81
24,0,74874.4,2,3,0,195355.76,3,10,243802.83,3,722,0,2,0,1,5,1,2,14,67,70,-3,Medium Risk,0.94,3.26
37,1,222243.98,2,1,3,24907.63,0,4,117699.03,2,367,2,1,1,6,4,0,4,27,79,57,22,High Risk,1.36,0.53
36,0,180062.3,4,2,3,134568.76,0,7,206260.41,3,314,1,1,0,3,6,0,3,87,100,59,41,High Risk,1.67,1.15
34,0,109491.26,2,1,3,183793.93,2,1,138785.52,1,620,2,2,1,0,10,1,4,9,58,64,-6,Medium Risk,0.89,1.27
77,0,209937.44,4,1,1,71871.92,2,7,141164.74,0,595,0,0,0,10,3,0,3,68,58,72,-14,Low Risk,0.79,0.67
46,1,130102.76,4,2,1,237418.9,1,4,120888.88,1,749,1,0,1,7,9,0,2,12,64,74,-10,Low Risk,0.85,0.93
57,0,11197.92,2,0,3,130903.86,3,8,168579.87,0,325,0,0,0,0,1,1,3,78,84,39,45,High Risk,2.1,15.05
43,0,6648.95,1,0,1,165342.53,1,9,25297.11,2,667,1,1,1,1,7,1,2,12,56,51,5,Medium Risk,1.08,3.8
20,4,149318.47,4,0,2,87662.46,2,7,30657.67,3,830,3,1,1,1,5,1,2,96,40,96,-56,Low Risk,0.41,0.21
41,7,10797.01,4,0,0,109917.51,0,6,41178.88,1,312,3,0,1,4,5,0,1,93,69,44,25,High Risk,1.53,3.81
45,1,134507.66,2,1,0,115291.54,3,7,232680.57,2,438,0,2,0,3,6,1,2,23,63,58,5,Medium Risk,1.07,1.73
63,1,176219.71,2,2,1,77503.02,1,6,172223.46,2,747,3,2,1,6,8,1,0,5,60,79,-19,Low Risk,0.75,0.98
67,1,24021.68,1,1,1,172468.46,2,8,242387.58,2,739,0,1,0,6,0,0,1,16,63,68,-5,Medium Risk,0.91,10.09
80,1,60007.84,1,0,0,53206.29,3,10,191036.68,2,531,3,1,1,9,6,0,0,49,55,55,0,Medium Risk,0.98,3.18
54,0,121939.66,2,3,3,97285.61,0,6,12808.55,0,765,3,0,1,1,1,0,3,9,49,74,-25,Low Risk,0.65,0.11
41,0,176722.21,4,1,0,248352.62,0,3,80423.8,2,575,3,1,1,4,10,0,0,47,67,62,5,Medium Risk,1.06,0.46
21,1,12369.06,3,0,1,182157.79,3,6,22107.94,0,427,3,1,1,3,9,0,4,66,57,46,11,Medium Risk,1.21,1.79
81,1,100386.51,3,1,0,95512.06,0,7,7316.34,3,661,2,1,1,8,8,0,2,73,44,78,-34,Low Risk,0.56,0.07
56,0,183971.07,1,2,3,242393.37,0,7,168511.06,1,519,3,1,1,3,4,0,2,29,85,54,31,High Risk,1.55,0.92
50,0,77733.71,3,3,1,195284.8,2,1,94672.48,3,736,3,0,1,10,10,0,0,92,42,81,-39,Low Risk,0.51,1.22
31,0,65939.14,4,0,1,148081.41,2,6,201981.21,3,788,3,0,1,8,6,1,2,15,56,91,-35,Low Risk,0.61,3.06
28,1,215243.02,1,1,2,108623.31,2,1,17379.75,0,752,0,0,0,0,3,0,4,39,45,77,-32,Low Risk,0.58,0.08
54,1,187731.4,4,2,1,59945.22,2,5,83840.35,3,379,1,0,0,0,9,1,2,57,66,67,-1,Medium Risk,0.97,0.45
80,1,64223.76,4,0,1,145736.01,0,1,156414.23,3,467,2,0,0,10,7,0,4,56,97,57,40,High Risk,1.67,2.44
58,0,90917.47,3,3,3,224157.24,0,3,86639.44,2,847,3,1,1,5,4,1,4,1,47,90,-43,Low Risk,0.52,0.95
69,1,118509.37,4,3,0,141270.4,1,1,77431.72,0,793,2,1,1,9,5,1,1,35,24,93,-69,Low Risk,0.26,0.65
38,1,120622.17,1,1,2,244639.05,0,4,41804.47,3,811,0,2,1,0,4,1,1,55,46,81,-35,Low Risk,0.56,0.35
61,0,6579.31,3,1,2,27705.77,3,10,101436.99,0,405,2,1,0,0,3,0,4,15,72,42,30,High Risk,1.67,15.42
42,1,126994.06,1,3,3,215760.08,2,7,155719.59,1,451,3,1,0,4,0,1,3,11,58,68,-10,Low Risk,0.84,1.23
66,1,148079.92,3,3,0,244549.4,0,10,104455.38,0,616,2,0,0,9,3,0,0,0,64,63,1,Medium Risk,1.0,0.71
73,0,81175.93,3,3,3,176673.23,1,10,226742.75,0,605,1,2,1,7,5,0,0,99,64,62,2,Medium Risk,1.02,2.79
82,2,60234.98,3,0,1,24195.59,3,4,235562.82,0,606,3,2,0,4,8,1,4,53,68,62,6,Medium Risk,1.08,3.91
76,1,55634.93,1,2,1,196232.6,0,2,188338.44,1,352,2,2,1,1,1,0,0,33,91,36,55,High Risk,2.46,3.39
29,0,167321.12,1,0,0,70002.32,1,5,103063.47,2,437,1,2,0,9,8,1,0,74,78,51,27,High Risk,1.5,0.62
40,0,72614.02,3,3,0,239017.38,2,3,155441.14,2,564,0,1,0,2,10,0,3,64,71,64,7,Medium Risk,1.09,2.14
76,0,171665.33,4,3,2,14144.9,0,3,141892.06,0,585,3,1,1,4,3,0,4,75,70,61,9,Medium Risk,1.13,0.83
56,0,99191.47,3,1,0,2921.94,1,6,24244.62,2,310,2,1,0,6,1,1,3,63,47,53,-6,Medium Risk,0.87,0.24
81,1,98067.76,2,1,3,26309.62,1,1,181358.17,3,512,2,2,0,7,8,1,4,65,72,53,19,Medium Risk,1.33,1.85
20,1,227940.41,2,1,0,115138.94,1,7,223692.75,1,547,2,0,0,2,6,0,2,98,87,53,34,High Risk,1.61,0.98
83,1,23704.24,4,2,2,156003.5,0,1,182129.25,0,340,1,2,0,8,4,0,4,90,100,49,51,High Risk,2.0,7.68
49,1,139944.14,1,2,2,6771.46,0,10,242546.74,3,593,0,0,0,2,6,1,3,29,100,34,66,High Risk,2.86,1.73
77,1,24367.93,4,0,2,4257.83,3,7,249143.12,0,574,2,2,1,1,3,0,0,95,60,40,20,Medium Risk,1.46,10.22
27,0,239897.8,1,3,0,101861.41,1,9,139403.85,3,682,3,1,0,4,0,0,2,42,65,81,-16,Low Risk,0.79,0.58
64,1,24964.25,1,3,0,84098.16,0,2,177624.64,1,337,0,1,0,10,7,0,2,16,90,39,51,High Risk,2.25,7.11
52,0,45156.55,4,0,2,111701.98,1,7,78850.97,1,423,3,0,0,8,5,1,0,82,64,50,14,Medium Risk,1.25,1.75
35,1,152261.97,2,2,3,438.49,3,1,187661.26,2,408,3,1,1,5,2,0,0,0,67,50,17,Medium Risk,1.31,1.23
44,0,28499.01,4,0,2,45565.15,2,4,127916.02,0,781,3,1,0,2,6,1,0,8,54,64,-10,Low Risk,0.83,4.49
32,1,192469.69,1,2,0,129025.15,2,8,85247.68,1,584,2,2,1,3,5,1,1,100,46,66,-20,Low Risk,0.69,0.44
46,1,237087.28,2,0,1,144758.37,3,4,38943.77,0,556,3,0,0,5,6,1,4,50,43,71,-28,Low Risk,0.6,0.16
70,1,201846.17,1,1,2,143627.76,3,8,187243.66,2,830,1,2,0,3,8,0,0,92,58,88,-30,Low Risk,0.65,0.93
43,0,83216.5,4,1,1,178191.07,1,9,39630.88,3,552,1,0,0,1,0,0,2,16,68,52,16,Medium Risk,1.28,0.48
46,1,85326.68,1,0,3,67730.39,3,8,33531.5,2,541,1,1,1,7,4,0,2,36,44,55,-11,Low Risk,0.79,0.39
73,1,81591.78,2,2,0,137785.03,0,1,181271.83,0,587,0,0,0,8,2,0,4,41,88,42,46,High Risk,2.05,2.22
60,1,124911.09,4,0,2,233416.7,2,3,229679.24,0,410,2,1,1,10,6,1,2,67,60,77,-17,Low Risk,0.77,1.84
58,1,221978.14,1,3,2,216541.97,2,1,80050.97,1,799,2,2,0,3,6,1,3,43,35,98,-63,Low Risk,0.35,0.36
64,0,155342.62,1,0,0,12025.3,2,1,249271.8,3,529,0,2,1,6,3,1,2,95,56,63,-7,Medium Risk,0.88,1.6
41,4,173281.19,3,2,1,24063.72,1,3,150244.82,1,528,2,0,0,8,9,1,0,66,89,51,38,High Risk,1.71,0.87
69,0,104037.44,4,1,1,71493.9,1,6,54700.85,0,637,3,0,0,3,8,0,4,57,60,63,-3,Medium Risk,0.94,0.53
47,0,221894.45,3,1,3,135435.65,1,4,61464.08,0,535,0,2,1,10,8,0,3,46,66,71,-5,Medium Risk,0.92,0.28
51,0,126312.49,1,3,0,141932.55,2,5,162031.24,0,601,1,2,1,3,9,1,1,41,39,71,-32,Low Risk,0.54,1.28
69,1,42268.8,1,1,3,65386.43,3,7,231236.47,1,439,3,2,0,9,8,0,0,22,71,50,21,High Risk,1.39,5.47
18,1,118597.0,1,1,0,249033.03,2,5,124319.86,3,816,3,2,0,3,6,1,4,72,43,87,-44,Low Risk,0.49,1.05
26,1,99359.46,2,0,2,62696.14,1,7,125616.61,0,422,3,0,1,8,0,1,4,48,66,49,17,Medium Risk,1.32,1.26
81,0,187427.31,1,1,3,9235.99,1,8,37622.78,2,664,3,1,1,4,10,0,4,38,51,70,-19,Low Risk,0.72,0.2
60,0,107116.38,3,2,1,109014.14,0,6,31316.1,3,438,2,1,0,1,3,0,3,90,82,59,23,High Risk,1.37,0.29
51,0,227318.35,3,1,3,241995.61,2,3,190209.93,3,497,2,1,0,8,5,0,2,55,65,84,-19,Low Risk,0.76,0.84
18,0,247402.76,3,3,3,194716.59,3,9,7674.61,2,773,2,1,0,4,5,1,3,54,39,100,-61,Low Risk,0.39,0.03
43,0,95053.73,3,2,2,2611.85,1,8,179463.61,3,846,1,0,1,6,5,1,1,43,65,72,-7,Medium Risk,0.89,1.89
49,7,108956.86,1,0,2,90351.35,1,1,64682.12,1,612,3,1,0,3,10,1,4,72,72,53,19,Medium Risk,1.33,0.59
61,1,157739.17,1,3,3,67135.49,2,5,170097.14,1,847,3,0,1,1,0,1,0,29,34,86,-52,Low Risk,0.39,1.08
66,1,81181.39,4,2,0,160006.84,1,7,91124.38,1,409,2,2,1,9,1,0,1,10,50,65,-15,Low Risk,0.76,1.12
30,0,130053.64,1,3,3,98693.98,1,3,3695.93,1,492,0,0,1,6,4,1,3,38,54,59,-5,Medium Risk,0.9,0.03
26,5,212892.9,4,3,0,100362.75,1,3,222352.86,1,780,3,2,1,6,6,1,3,91,59,100,-41,Low Risk,0.58,1.04
44,1,203685.65,1,0,2,48684.95,3,3,143370.52,2,815,2,1,0,3,2,0,0,93,48,78,-30,Low Risk,0.61,0.7
55,0,184981.4,2,0,2,25103.76,0,4,230886.55,2,552,1,2,1,0,8,1,0,100,92,46,46,High Risk,1.96,1.25
22,0,6652.62,4,0,0,166077.92,0,7,56257.25,0,413,1,2,1,4,3,0,0,81,79,34,45,High Risk,2.26,8.46
20,1,19366.48,4,0,1,170327.34,2,5,83672.94,0,795,1,2,0,7,5,1,0,45,45,68,-23,Low Risk,0.65,4.32
33,1,214243.77,3,1,2,67266.89,3,10,133662.86,2,410,2,2,0,7,5,1,1,64,66,71,-5,Medium Risk,0.92,0.62
20,1,249744.64,4,0,0,166194.98,2,7,175126.18,2,510,1,1,0,3,9,1,1,91,68,69,-1,Medium Risk,0.97,0.7
42,0,150960.37,2,3,0,104735.27,2,6,229505.99,1,347,2,2,1,1,6,0,4,77,68,69,-1,Medium Risk,0.97,1.52
31,1,164396.25,2,3,0,145586.58,1,8,214128.85,2,311,2,0,1,0,8,1,3,37,81,61,20,Medium Risk,1.31,1.3
42,1,95139.89,1,0,2,13955.68,2,10,248835.78,2,698,1,0,0,5,9,0,2,90,79,52,27,High Risk,1.49,2.62
35,0,156214.79,1,3,1,165532.29,2,7,229408.66,3,767,2,0,1,3,3,0,2,58,48,87,-39,Low Risk,0.55,1.47
44,0,14372.3,4,0,0,7152.51,2,3,151471.66,0,756,2,2,1,8,6,1,2,88,38,77,-39,Low Risk,0.49,10.54
83,6,167103.25,3,3,2,151938.79,3,6,142158.62,0,544,2,1,0,7,2,1,0,53,52,71,-19,Low Risk,0.72,0.85
73,4,167167.93,2,3,2,155235.79,2,10,112905.61,1,632,3,1,1,4,3,0,3,2,46,82,-36,Low Risk,0.55,0.68
61,1,238619.71,4,2,2,44182.06,3,3,176053.18,3,651,3,1,1,4,4,1,3,97,44,89,-45,Low Risk,0.49,0.74
25,1,221672.56,4,1,2,156693.28,0,1,66423.24,3,415,0,2,1,7,2,0,2,55,81,69,12,Medium Risk,1.16,0.3
30,0,136684.92,4,2,0,150276.32,3,3,34812.56,2,607,1,2,0,2,9,1,0,98,48,68,-20,Low Risk,0.7,0.25
68,0,155484.87,3,1,3,212617.06,3,9,197348.89,2,559,0,2,0,7,9,1,0,67,72,70,2,Medium Risk,1.01,1.27
23,1,151004.42,1,1,0,163600.24,0,8,146717.97,3,734,3,1,0,3,9,0,3,53,88,65,23,High Risk,1.33,0.97
50,1,171787.42,4,0,3,56142.28,0,6,119365.47,2,833,1,0,1,5,3,1,0,23,55,79,-24,Low Risk,0.69,0.69
43,1,108334.52,4,3,1,12665.48,3,3,110974.43,2,351,0,2,1,6,2,1,1,63,52,70,-18,Low Risk,0.73,1.02
61,1,235383.42,3,0,2,7953.18,0,1,66520.36,3,345,2,1,0,5,5,1,1,99,81,61,20,Medium Risk,1.31,0.28
63,0,160003.88,3,1,0,83080.07,3,4,190726.64,2,702,0,2,1,2,0,1,0,66,37,78,-41,Low Risk,0.47,1.19
48,0,121152.43,3,2,1,97854.52,0,8,127433.83,0,562,1,2,1,8,10,0,3,91,98,51,47,High Risk,1.88,1.05
78,7,87019.47,3,3,0,180363.58,1,5,202358.25,2,824,0,1,0,0,2,0,3,63,68,82,-14,Low Risk,0.82,2.33
70,1,240996.34,1,0,0,19312.85,3,9,83868.62,3,756,3,1,0,0,5,0,4,79,40,87,-47,Low Risk,0.45,0.35
50,1,200166.69,1,1,2,66529.33,1,9,215800.02,3,762,3,0,0,4,2,1,3,60,64,81,-17,Low Risk,0.78,1.08
26,3,57036.64,3,2,0,13310.44,2,5,52918.38,3,847,1,0,1,5,0,1,3,35,34,77,-43,Low Risk,0.44,0.93
79,0,113790.15,4,2,3,24610.17,2,7,138472.19,1,639,1,2,1,3,0,1,1,16,41,72,-31,Low Risk,0.56,1.22
38,1,183076.96,2,1,3,47228.55,3,2,219389.0,0,823,3,0,1,7,6,0,2,83,48,79,-31,Low Risk,0.6,1.2
50,1,155490.0,3,1,3,134994.33,2,8,244606.27,3,467,0,0,1,0,6,0,0,97,77,59,18,Medium Risk,1.28,1.57
26,1,154795.58,3,1,3,41093.19,0,7,83409.48,2,463,0,2,0,1,2,0,0,32,90,42,48,High Risk,2.09,0.54
81,1,28906.28,1,0,0,95753.82,2,3,143857.87,3,771,3,2,1,2,9,1,3,82,31,79,-48,Low Risk,0.39,4.98
66,1,70259.33,3,0,1,210407.44,2,6,55241.99,0,379,3,2,1,10,3,0,1,85,47,71,-24,Low Risk,0.65,0.79
46,1,134368.71,2,2,1,178651.74,3,2,126488.94,2,727,0,0,0,4,2,1,2,50,52,68,-16,Low Risk,0.75,0.94
42,5,249671.91,2,2,1,11591.75,1,4,97984.37,3,492,1,2,1,8,10,0,4,53,78,67,11,Medium Risk,1.15,0.39
77,1,50768.84,2,3,2,153975.67,2,5,71885.98,2,840,0,1,1,7,6,0,0,24,30,87,-57,Low Risk,0.34,1.42
63,1,78370.79,1,0,3,194136.48,0,5,69235.54,2,447,1,1,0,0,9,0,4,69,90,39,51,High Risk,2.25,0.88
46,1,59077.82,4,2,2,115237.65,0,3,116758.55,3,779,2,0,0,8,2,1,1,32,70,75,-5,Medium Risk,0.92,1.98
20,0,43025.22,4,1,0,190570.18,1,9,196676.6,2,744,3,1,1,0,3,1,4,35,66,65,1,Medium Risk,1.0,4.57
21,6,67730.86,3,1,1,249711.08,1,8,217196.81,3,571,1,0,1,5,10,0,3,13,100,49,51,High Risk,2.0,3.21
31,0,156521.92,3,0,2,208225.14,2,10,75724.62,3,399,2,1,1,7,7,1,3,50,67,80,-13,Low Risk,0.83,0.48
57,1,25610.39,2,2,2,27197.02,3,9,76103.34,2,637,2,1,1,8,7,1,2,17,44,60,-16,Low Risk,0.72,2.97
40,1,186091.28,4,1,3,31309.85,1,2,24322.27,1,720,1,1,1,9,8,1,3,16,35,84,-49,Low Risk,0.41,0.13
34,1,164892.72,2,0,2,227682.72,2,5,243718.42,1,799,0,2,0,1,1,0,0,19,71,75,-4,Medium Risk,0.93,1.48
44,0,188049.49,1,2,3,186342.89,2,1,159844.45,1,729,3,1,1,4,7,0,2,11,62,77,-15,Low Risk,0.79,0.85
27,0,190939.9,1,1,0,39514.68,0,3,48781.09,2,497,3,1,1,9,0,0,3,77,61,55,6,Medium Risk,1.09,0.26
33,1,203919.8,4,2,2,79316.32,3,9,243105.26,3,791,0,2,1,8,1,1,0,99,63,94,-31,Low Risk,0.66,1.19
36,0,1523.14,2,1,2,222746.93,3,1,203842.14,1,739,1,0,0,4,1,1,1,62,58,59,-1,Medium Risk,0.97,133.74
21,1,134116.36,1,2,0,208149.95,1,5,122961.92,2,713,1,1,1,0,9,0,3,75,70,60,10,Medium Risk,1.15,0.92
19,0,112024.84,1,3,1,160629.05,2,2,137163.85,0,462,1,2,0,1,6,1,3,93,75,51,24,High Risk,1.44,1.22
32,0,19623.12,3,0,0,128917.23,1,4,227047.06,2,751,1,1,1,4,6,1,1,95,60,69,-9,Medium Risk,0.86,11.57
81,0,205859.04,3,2,1,156952.52,0,1,46610.65,1,375,0,0,0,6,1,1,3,93,82,63,19,Medium Risk,1.28,0.23
64,0,66883.9,3,1,2,76243.85,2,8,21392.93,3,793,3,0,1,6,6,0,4,51,32,88,-56,Low Risk,0.36,0.32
76,0,227815.12,4,3,1,108067.9,2,10,204077.54,3,396,1,2,1,7,4,1,2,99,60,95,-35,Low Risk,0.62,0.9
18,1,29930.85,4,0,2,16434.93,2,1,151502.09,1,656,2,2,0,8,9,0,4,52,80,59,21,High Risk,1.33,5.06
25,0,184525.8,2,3,2,5568.77,2,7,93962.19,0,464,2,1,1,9,7,0,1,85,56,65,-9,Medium Risk,0.85,0.51
80,0,235628.98,3,3,3,27803.64,3,8,235856.03,2,502,0,1,1,0,4,1,2,83,60,73,-13,Low Risk,0.81,1.0
83,0,39710.48,2,3,3,132860.95,0,8,198029.68,1,650,2,0,0,8,9,0,1,47,88,60,28,High Risk,1.44,4.99
57,0,210912.81,2,2,3,62500.37,1,7,184227.06,1,437,0,0,1,5,0,1,0,94,74,54,20,Medium Risk,1.35,0.87
33,5,40606.03,2,0,3,108350.44,2,9,25150.51,1,565,1,1,1,0,10,0,1,92,68,43,25,High Risk,1.55,0.62
44,0,216921.0,1,1,3,236764.14,2,4,200828.01,2,581,3,1,1,8,4,1,1,13,54,80,-26,Low Risk,0.67,0.93
41,1,87858.11,1,1,3,167925.84,3,6,214934.95,1,421,3,1,1,3,1,0,2,12,60,51,9,Medium Risk,1.15,2.45
77,1,68655.82,3,1,1,35701.46,0,3,64640.68,1,846,2,2,0,9,4,1,4,6,50,76,-26,Low Risk,0.65,0.94
31,1,240756.35,3,0,0,1179.57,1,9,21353.8,2,705,3,2,0,4,2,0,2,12,53,81,-28,Low Risk,0.65,0.09
63,0,111875.74,2,1,0,8459.39,0,1,169136.02,1,724,0,0,1,6,9,0,3,74,75,52,23,High Risk,1.42,1.51
24,1,45839.46,1,0,0,60767.99,3,8,104993.46,0,549,0,2,1,5,8,1,3,61,66,40,26,High Risk,1.61,2.29
82,1,91371.77,1,3,1,157678.15,2,10,134274.77,2,763,3,0,1,7,4,1,0,80,26,85,-59,Low Risk,0.3,1.47
72,0,182876.42,4,0,1,41462.88,1,8,122811.14,0,765,1,1,0,7,5,0,3,19,67,80,-13,Low Risk,0.83,0.67
25,1,118709.6,1,0,1,169518.1,0,8,209243.75,0,549,1,2,1,6,8,1,4,73,100,48,52,High Risk,2.04,1.76
51,0,202952.82,3,2,2,247158.19,2,8,160553.62,0,331,2,0,1,1,10,1,4,30,81,71,10,Medium Risk,1.12,0.79
48,0,49927.24,3,2,1,23028.96,1,5,165407.86,0,842,1,1,1,4,5,1,0,58,57,61,-4,Medium Risk,0.92,3.31
63,1,99821.52,3,0,2,207345.51,2,5,98287.38,2,796,2,2,0,4,5,0,3,56,38,87,-49,Low Risk,0.43,0.98
22,0,46864.74,4,0,2,95097.43,3,6,131125.96,1,593,2,0,0,4,8,0,3,72,81,45,36,High Risk,1.76,2.8
59,1,244330.48,3,3,1,72772.92,1,6,84180.81,3,682,2,1,1,3,9,0,1,86,49,87,-38,Low Risk,0.56,0.34
46,1,139113.36,4,1,1,93987.47,3,9,154031.55,1,656,0,2,1,4,0,1,2,95,51,75,-24,Low Risk,0.67,1.11
38,0,136737.62,4,0,2,201764.16,3,6,231779.16,0,725,3,0,1,0,10,1,2,69,61,79,-18,Low Risk,0.76,1.7
47,0,33085.83,1,2,2,57996.43,2,10,149094.98,3,813,0,2,1,9,8,0,2,62,65,77,-12,Low Risk,0.83,4.51
41,0,122428.59,1,1,0,110858.6,2,1,82896.8,0,625,2,1,0,3,4,1,1,95,36,57,-21,Low Risk,0.62,0.68
27,1,238862.85,3,3,2,124836.29,3,10,152464.39,0,705,1,2,1,1,1,0,3,8,54,83,-29,Low Risk,0.64,0.64
68,0,200765.3,4,0,2,57081.97,3,7,126655.56,1,751,1,0,0,3,0,0,1,1,47,87,-40,Low Risk,0.53,0.63
73,0,96084.05,3,3,2,176591.32,3,10,85057.2,3,676,3,1,1,8,9,0,3,22,42,87,-45,Low Risk,0.48,0.89
79,0,116442.86,2,1,1,137972.26,2,2,232712.35,3,421,0,0,1,2,0,1,1,21,61,63,-2,Medium Risk,0.95,2.0
34,1,209094.99,1,2,1,170293.74,1,1,118139.15,2,640,2,1,0,0,5,0,0,67,82,55,27,High Risk,1.46,0.56
49,3,4631.05,1,0,0,74657.33,3,7,191921.46,2,376,0,2,0,2,5,1,3,94,75,42,33,High Risk,1.74,41.43
33,0,218877.46,3,3,1,14243.85,0,9,68890.09,1,459,3,0,1,7,7,0,0,31,84,57,27,High Risk,1.45,0.31
20,0,53276.7,3,1,3,73627.7,0,5,216922.77,1,837,2,2,0,2,7,1,2,8,94,65,29,High Risk,1.42,4.07
56,1,206318.61,1,2,3,185966.28,0,4,62491.82,1,432,0,0,0,3,3,0,0,17,86,48,38,High Risk,1.76,0.3
63,0,35460.83,3,0,3,57690.08,3,2,68638.82,1,670,2,2,0,1,3,0,1,68,52,57,-5,Medium Risk,0.9,1.94
37,0,40098.65,2,3,2,237840.39,3,10,241013.06,2,607,2,0,0,3,8,1,0,26,67,54,13,Medium Risk,1.22,6.01
46,1,230828.22,2,1,0,130060.38,2,7,141684.25,0,782,0,0,0,8,9,0,4,77,46,85,-39,Low Risk,0.53,0.61
70,0,81047.86,1,0,0,236029.85,3,2,77274.48,1,824,2,1,1,5,1,0,4,60,23,80,-57,Low Risk,0.28,0.95
19,0,37613.29,2,1,1,220157.03,0,10,61752.76,0,597,2,2,0,1,4,1,0,95,93,28,65,High Risk,3.21,1.64
38,0,19764.29,3,1,0,181832.33,3,3,3426.94,3,666,2,0,1,3,0,0,4,69,21,68,-47,Low Risk,0.3,0.17
50,0,216809.46,3,1,0,206330.02,2,4,49214.87,0,727,3,2,1,5,2,0,3,78,15,98,-83,Low Risk,0.15,0.23
71,0,57211.14,2,2,0,194157.34,1,2,51220.87,3,464,3,2,1,3,5,0,2,5,54,57,-3,Medium Risk,0.93,0.9
77,0,233553.66,3,0,3,166186.43,3,2,145105.08,1,596,3,1,1,1,2,1,2,65,48,74,-26,Low Risk,0.64,0.62
51,0,157414.03,4,0,3,54859.03,2,9,165145.22,1,314,0,1,1,7,8,1,0,47,78,68,10,Medium Risk,1.13,1.05
36,1,177185.58,4,3,1,104111.02,2,9,133601.32,1,773,1,1,0,7,5,1,2,96,40,97,-57,Low Risk,0.41,0.75
83,1,79826.71,2,3,0,78663.57,3,3,37198.41,1,673,0,2,0,10,1,1,3,63,19,76,-57,Low Risk,0.25,0.47
48,1,136406.96,3,0,0,226301.5,0,1,68360.94,3,742,1,2,1,5,6,1,3,23,54,77,-23,Low Risk,0.69,0.5
78,0,146386.82,4,2,2,211476.44,3,5,138915.79,1,736,3,2,1,5,9,1,1,97,45,94,-49,Low Risk,0.47,0.95
80,0,99272.63,3,2,1,16963.59,0,4,180566.61,1,418,1,0,1,2,9,1,2,47,92,40,52,High Risk,2.24,1.82
47,1,163456.31,4,3,2,85614.57,1,3,90566.04,1,598,3,2,0,5,3,1,0,80,54,68,-14,Low Risk,0.78,0.55
44,0,24969.28,2,3,2,37996.92,3,8,196549.09,1,613,3,1,1,7,0,0,1,5,52,58,-6,Medium Risk,0.88,7.87
44,0,155785.78,2,1,3,110895.43,3,1,190873.48,0,347,3,2,1,3,6,1,0,23,65,60,5,Medium Risk,1.07,1.23
37,0,204824.17,3,3,3,156609.25,0,5,80889.55,2,587,3,2,0,0,9,0,1,48,88,73,15,Medium Risk,1.19,0.39
74,1,181461.65,3,3,1,59707.82,2,1,229359.45,2,648,0,1,0,5,3,0,4,66,62,76,-14,Low Risk,0.81,1.26
61,0,162443.15,3,3,3,207589.91,3,10,129104.93,2,716,0,0,0,9,2,0,0,30,54,86,-32,Low Risk,0.62,0.79
28,0,192135.94,2,0,2,217999.21,1,8,173055.69,2,521,0,1,0,0,4,1,0,56,96,48,48,High Risk,1.96,0.9
50,1,66326.58,2,0,1,235642.94,1,1,242391.92,0,605,3,0,0,0,6,1,0,93,79,44,35,High Risk,1.76,3.65
27,0,172723.67,4,3,3,205691.85,0,3,243220.26,1,459,0,0,1,1,10,0,4,51,100,55,45,High Risk,1.79,1.41
45,1,48083.25,2,0,1,208887.12,0,9,245761.3,3,489,3,2,0,6,8,1,1,25,100,51,49,High Risk,1.92,5.11
36,1,234313.47,4,2,1,157249.82,2,5,69724.81,1,387,2,0,1,8,9,1,3,26,56,85,-29,Low Risk,0.65,0.3
59,1,34051.69,2,3,0,7577.29,3,1,244413.77,1,578,0,1,1,9,4,1,1,1,47,51,-4,Medium Risk,0.9,7.18
20,0,225666.27,3,3,0,203398.36,0,8,85994.36,3,389,0,2,1,9,0,1,2,88,79,80,-1,Medium Risk,0.98,0.38
74,1,125229.14,4,3,1,48237.83,0,1,71672.22,3,572,1,1,1,9,1,1,1,81,57,68,-11,Low Risk,0.83,0.57
53,1,140426.72,3,3,2,74295.42,3,8,134331.62,2,574,2,1,0,7,9,0,3,47,62,71,-9,Medium Risk,0.86,0.96
78,0,184178.12,4,1,0,238774.43,2,10,248896.97,3,547,0,2,1,6,1,0,2,74,59,82,-23,Low Risk,0.71,1.35
52,1,25878.92,4,0,1,176641.96,0,4,158232.38,0,819,3,2,0,2,1,0,0,55,79,67,12,Medium Risk,1.16,6.11
49,0,13222.17,2,2,1,175710.67,1,8,195115.28,1,793,1,1,1,5,9,0,3,24,78,62,16,Medium Risk,1.24,14.76
31,1,185198.87,1,2,1,141288.16,2,10,210708.75,3,802,0,1,1,10,9,1,1,65,70,94,-24,Low Risk,0.74,1.14
45,5,169465.33,4,0,2,11252.47,0,2,67720.54,1,350,3,2,1,7,4,1,3,98,79,64,15,Medium Risk,1.22,0.4
62,1,133806.64,4,2,3,53278.2,3,2,111251.78,0,344,1,2,1,10,2,0,4,26,59,64,-5,Medium Risk,0.91,0.83
31,1,92734.54,1,1,1,195877.11,1,4,110420.72,3,786,1,1,0,0,5,1,1,91,58,62,-4,Medium Risk,0.92,1.19
33,2,162487.33,4,0,0,222973.26,3,4,229207.52,0,707,3,2,1,10,0,1,3,57,51,94,-43,Low Risk,0.54,1.41
51,1,197571.86,2,2,0,164329.23,0,5,220920.47,3,613,2,0,1,6,7,1,3,85,70,67,3,Medium Risk,1.03,1.12
19,7,105243.63,1,0,0,36222.51,1,3,3680.65,1,838,3,0,0,3,1,0,4,66,55,70,-15,Low Risk,0.77,0.03
77,0,238868.61,1,1,3,70919.85,1,5,122576.96,3,424,3,1,0,2,4,1,0,1,68,61,7,Medium Risk,1.1,0.51
42,6,206913.43,4,3,2,97483.06,0,3,21433.87,1,438,0,0,1,9,2,0,4,50,72,71,1,Medium Risk,1.0,0.1
75,1,201298.22,2,3,2,116606.6,0,9,169624.93,0,472,2,2,0,9,9,1,2,20,88,71,17,Medium Risk,1.22,0.84
73,2,79572.56,2,1,3,30556.92,1,2,205447.67,2,398,1,1,0,5,2,1,1,33,82,45,37,High Risk,1.78,2.58
31,1,83997.04,4,2,1,115945.55,0,1,203024.75,1,402,1,2,1,5,3,1,4,65,96,50,46,High Risk,1.88,2.42
28,0,116813.58,3,2,1,92187.33,3,7,87784.61,1,843,0,0,0,2,1,1,4,81,55,74,-19,Low Risk,0.73,0.75
62,0,154023.38,3,0,1,285.57,1,9,163078.54,2,412,1,1,1,3,7,0,4,28,85,51,34,High Risk,1.63,1.06
64,0,10085.71,1,0,3,205433.69,3,8,146112.78,0,626,3,1,1,7,6,0,1,24,58,57,1,Medium Risk,1.0,14.49
78,0,124560.27,1,1,0,81182.88,1,8,249951.21,0,651,3,1,1,4,9,1,4,100,62,66,-4,Medium Risk,0.93,2.01
44,0,58930.94,3,2,2,238993.18,2,4,59465.52,0,320,2,2,0,1,7,0,4,46,76,57,19,Medium Risk,1.31,1.01
80,5,221024.28,4,0,3,192051.79,1,8,56930.68,2,477,2,2,0,4,6,0,2,35,84,81,3,Medium Risk,1.02,0.26
79,1,128256.55,1,1,0,168035.19,2,5,44396.74,2,467,2,2,1,3,9,0,4,6,29,69,-40,Low Risk,0.41,0.35
35,0,220955.6,3,1,1,173729.54,3,6,90295.95,1,677,3,2,0,7,4,0,0,21,46,83,-37,Low Risk,0.55,0.41
46,0,50743.59,4,2,3,149512.7,1,10,158083.31,3,737,1,0,1,3,1,1,4,61,68,71,-3,Medium Risk,0.94,3.12
59,0,14107.8,4,0,3,90926.74,1,5,194560.13,1,722,0,2,0,8,1,0,0,55,73,62,11,Medium Risk,1.16,13.79
76,1,79667.5,4,0,1,157009.68,2,5,160341.24,3,426,3,2,1,4,2,1,0,35,49,73,-24,Low Risk,0.66,2.01
28,6,40002.48,1,0,3,50734.47,2,7,22594.03,1,796,2,1,0,9,7,1,1,24,44,69,-25,Low Risk,0.63,0.56
61,0,153693.51,1,0,2,178936.57,3,9,22228.37,1,504,3,1,0,8,2,0,0,21,54,70,-16,Low Risk,0.76,0.14
68,1,134495.59,3,0,2,105874.72,1,10,246182.25,3,545,1,1,0,10,10,1,1,22,86,67,19,Medium Risk,1.26,1.83
73,0,56094.01,4,1,2,24484.26,0,10,36083.64,2,677,1,1,0,3,3,1,0,21,60,51,9,Medium Risk,1.15,0.64
44,0,24306.96,3,2,2,42884.82,0,3,140216.98,3,325,3,1,0,10,8,0,4,16,100,46,54,High Risk,2.13,5.77
48,0,154397.23,3,3,1,158852.82,1,2,54104.77,2,346,1,0,1,7,10,1,1,10,64,72,-8,Medium Risk,0.88,0.35
66,0,4646.38,1,2,1,51901.23,0,7,155517.11,2,431,0,1,0,2,5,0,1,22,100,34,66,High Risk,2.86,33.46
61,1,35956.41,3,2,0,226926.38,2,6,99844.05,0,686,0,1,1,2,6,1,0,94,36,60,-24,Low Risk,0.59,2.78
85,0,169672.88,4,2,3,168232.2,3,5,215980.54,1,812,1,0,1,9,4,0,0,60,51,92,-41,Low Risk,0.55,1.27
63,1,11949.17,3,3,0,222256.32,3,9,32302.14,2,479,0,2,1,1,0,1,4,28,29,63,-34,Low Risk,0.45,2.7
29,0,123770.2,2,2,0,9578.84,2,3,165532.74,0,760,3,1,0,4,5,1,1,7,51,71,-20,Low Risk,0.71,1.34
18,1,148808.64,3,1,0,146136.72,2,1,142363.16,2,415,2,2,0,9,0,1,4,87,59,66,-7,Medium Risk,0.88,0.96
69,0,101515.96,3,0,0,190245.2,3,8,160912.45,1,394,2,1,1,0,6,0,4,19,71,62,9,Medium Risk,1.13,1.59
57,0,224877.19,4,2,3,96799.24,3,4,8040.1,0,641,2,2,0,0,8,1,2,45,48,80,-32,Low Risk,0.59,0.04
84,0,201289.23,1,0,1,121836.35,2,6,193570.97,3,791,2,0,1,4,7,1,4,10,41,95,-54,Low Risk,0.43,0.96
55,0,209893.86,4,1,0,49542.83,0,10,148800.62,1,335,3,0,0,6,0,0,4,93,89,60,29,High Risk,1.46,0.71
70,1,5778.16,3,2,2,44247.49,3,10,125684.63,3,636,3,1,1,4,10,0,2,75,58,61,-3,Medium Risk,0.94,21.75
38,1,46753.32,2,3,3,193614.5,3,5,230501.06,0,502,3,2,1,4,7,0,4,53,60,57,3,Medium Risk,1.03,4.93
27,0,183959.05,2,2,3,234319.13,0,3,78316.27,1,531,2,2,1,6,3,0,2,74,81,59,22,High Risk,1.35,0.43
67,1,64443.9,4,1,2,35341.8,3,4,207506.5,0,518,3,2,0,7,0,0,0,66,60,57,3,Medium Risk,1.03,3.22
21,1,233152.31,4,2,1,46514.95,3,6,169903.71,0,416,1,2,0,2,6,1,3,72,84,59,25,High Risk,1.4,0.73
60,1,82288.12,3,0,2,37190.16,3,3,20759.5,3,416,2,2,0,3,5,1,1,70,40,62,-22,Low Risk,0.63,0.25
66,0,98331.37,1,2,1,151256.09,1,4,197806.32,0,542,3,2,1,8,1,1,0,13,64,55,9,Medium Risk,1.14,2.01
40,0,129304.96,1,1,1,218395.06,2,4,200273.94,0,366,2,2,1,2,0,0,4,84,72,58,14,Medium Risk,1.22,1.55
28,1,63432.62,3,1,3,40946.04,1,1,193946.0,3,354,1,2,0,3,6,0,4,83,93,44,49,High Risk,2.07,3.06
38,1,143433.69,4,1,0,102118.14,1,6,174476.71,2,763,0,1,0,6,1,1,1,25,50,81,-31,Low Risk,0.61,1.22
85,1,168484.11,2,3,1,41973.44,1,9,204744.91,3,609,3,1,1,8,0,0,4,38,60,77,-17,Low Risk,0.77,1.22
72,0,87188.91,2,3,3,53619.61,3,8,237090.12,1,358,1,0,0,9,6,0,4,11,79,60,19,Medium Risk,1.3,2.72
21,1,99387.36,1,2,0,90641.77,3,1,241728.01,2,819,3,2,1,1,4,1,3,38,56,73,-17,Low Risk,0.76,2.43
54,0,121996.44,4,0,2,178546.47,1,5,193682.93,2,711,2,2,1,3,2,1,1,98,54,83,-29,Low Risk,0.64,1.59
32,0,67594.18,1,1,2,205307.7,2,4,84748.67,0,679,2,1,1,6,6,0,4,66,46,63,-17,Low Risk,0.72,1.25
45,1,22254.13,3,3,0,247750.45,0,5,125712.57,2,429,2,1,0,8,8,1,2,69,77,56,21,High Risk,1.35,5.65
69,7,169251.93,1,1,1,67648.03,2,6,169428.15,3,616,3,2,0,0,9,1,4,98,62,72,-10,Low Risk,0.85,1.0
30,0,79294.2,3,3,3,185291.19,2,5,3394.9,1,488,1,2,1,1,0,1,0,47,42,65,-23,Low Risk,0.64,0.04
53,4,72450.79,3,0,1,68734.94,1,4,211470.76,0,647,0,2,1,4,0,1,4,40,70,57,13,Medium Risk,1.21,2.92
79,1,72437.08,1,1,1,221271.71,1,2,138015.96,3,768,3,1,1,3,4,1,2,60,35,78,-43,Low Risk,0.44,1.91
46,0,239530.82,4,2,0,245330.12,1,4,152872.23,0,448,1,1,1,5,3,0,1,69,71,66,5,Medium Risk,1.06,0.64
63,1,19316.24,2,2,3,199157.2,3,3,230672.73,3,435,1,1,0,8,2,0,1,8,74,57,17,Medium Risk,1.28,11.94
53,1,39078.08,3,2,1,130794.88,2,3,117787.54,3,786,3,2,0,8,9,1,2,49,49,88,-39,Low Risk,0.55,3.01
66,5,68241.73,3,2,2,126772.38,1,8,147875.07,3,453,2,2,1,0,1,1,4,11,79,62,17,Medium Risk,1.25,2.17
71,1,57681.58,3,3,2,168032.43,2,5,131558.35,0,767,2,1,0,8,1,1,4,55,32,91,-59,Low Risk,0.35,2.28
69,2,137885.29,2,1,0,71463.63,2,2,26649.97,1,451,1,2,1,9,7,0,0,27,34,66,-32,Low Risk,0.51,0.19
49,0,33173.56,2,1,1,140163.03,2,5,121273.52,0,371,2,0,1,10,3,1,4,87,52,54,-2,Medium Risk,0.95,3.66
81,1,91318.32,3,0,1,216791.27,1,5,239946.35,3,458,2,2,0,4,7,1,1,16,79,64,15,Medium Risk,1.22,2.63
58,1,228103.47,3,0,0,168566.93,1,4,138363.08,1,799,0,1,1,8,1,0,3,82,44,88,-44,Low Risk,0.49,0.61
80,1,211170.65,3,0,2,208615.51,3,1,154672.13,2,833,1,0,1,7,4,1,4,16,37,100,-63,Low Risk,0.37,0.73
74,1,91795.24,4,0,2,150968.91,3,2,103725.87,0,692,2,2,0,10,4,1,0,9,43,71,-28,Low Risk,0.6,1.13
40,0,38612.06,4,1,3,33053.26,2,8,37054.99,3,420,3,1,1,2,3,0,4,21,51,55,-4,Medium Risk,0.91,0.96
64,1,93102.64,3,1,2,136263.28,1,6,36113.79,3,372,2,1,1,5,6,0,0,100,52,58,-6,Medium Risk,0.88,0.39
40,1,229172.95,1,3,2,197790.42,1,9,144585.79,1,616,2,1,0,5,8,0,2,27,71,70,1,Medium Risk,1.0,0.63
58,1,116579.05,3,0,1,98556.49,1,9,222740.18,2,698,0,0,1,5,9,1,2,75,77,66,11,Medium Risk,1.15,1.91
78,1,160148.2,3,3,3,79003.09,3,8,11402.13,2,542,2,0,1,9,5,1,0,94,23,82,-59,Low Risk,0.28,0.07
71,1,94871.28,2,0,2,110214.14,2,6,16439.87,1,590,1,2,0,2,10,0,2,76,51,65,-14,Low Risk,0.77,0.17
22,1,75946.34,4,1,2,211060.5,0,7,87163.49,2,536,0,1,0,6,0,1,3,41,81,49,32,High Risk,1.62,1.15
45,1,232908.57,3,2,2,150480.83,2,6,115448.34,2,474,1,2,1,7,1,0,3,11,58,78,-20,Low Risk,0.73,0.5
22,0,241054.01,4,2,2,26422.5,0,7,189394.0,1,580,2,2,1,7,3,0,3,41,98,57,41,High Risk,1.69,0.79
18,1,65596.15,3,1,3,125437.39,0,10,232451.2,0,751,3,0,1,6,7,0,0,6,91,57,34,High Risk,1.57,3.54
84,0,226166.6,3,3,1,150322.57,3,5,107876.2,3,455,1,2,1,9,2,1,3,98,43,94,-51,Low Risk,0.45,0.48
45,0,173488.84,1,3,0,58817.19,3,6,10797.48,1,399,3,0,1,8,2,0,3,57,35,73,-38,Low Risk,0.47,0.06
71,0,122863.7,4,1,1,238088.4,3,5,53691.6,2,838,3,0,1,10,4,0,0,77,26,98,-72,Low Risk,0.26,0.44
43,0,9125.81,1,2,0,163566.46,3,4,52541.98,1,803,1,2,1,10,8,1,0,60,32,74,-42,Low Risk,0.43,5.76
38,1,86127.68,1,1,3,142932.98,2,9,154765.37,3,664,0,2,0,10,7,0,3,18,70,70,0,Medium Risk,0.99,1.8
22,1,203186.94,3,0,1,45767.58,0,5,55908.11,3,587,0,1,0,10,2,1,0,61,86,55,31,High Risk,1.54,0.28
32,1,112778.51,4,1,2,226252.58,0,1,106316.32,1,382,2,0,1,1,1,0,1,31,92,46,46,High Risk,1.96,0.94
67,5,125073.31,2,0,0,235594.85,2,2,131256.05,2,629,0,0,0,4,9,0,2,14,60,66,-6,Medium Risk,0.9,1.05
42,1,88989.54,2,0,1,246712.18,3,4,148357.26,3,537,0,0,0,9,4,0,4,51,64,58,6,Medium Risk,1.08,1.67
70,1,221091.09,2,1,2,199784.77,2,10,5428.95,1,589,0,1,0,3,5,1,2,79,41,75,-34,Low Risk,0.54,0.02
50,0,69653.13,1,1,0,19839.34,2,2,162681.97,0,452,1,2,1,5,3,0,4,61,48,43,5,Medium Risk,1.09,2.34
74,0,36193.15,3,2,3,197200.15,2,10,126879.94,2,377,3,2,0,5,1,0,1,7,78,64,14,Medium Risk,1.2,3.51
85,0,206343.3,1,1,0,50191.94,2,1,170013.16,2,443,0,1,0,0,4,0,2,82,67,60,7,Medium Risk,1.1,0.82
62,0,82040.6,1,1,0,125461.85,2,5,174911.85,3,758,0,0,0,0,0,0,0,53,49,64,-15,Low Risk,0.75,2.13
70,0,23569.59,2,1,1,52345.85,0,5,51468.01,0,736,2,2,1,0,4,1,2,15,52,55,-3,Medium Risk,0.93,2.18
75,1,74244.52,3,2,3,142666.41,3,2,256.89,0,709,2,2,1,10,2,0,0,6,25,80,-55,Low Risk,0.31,0.0
21,0,123824.54,2,1,0,68476.38,1,7,20655.17,3,699,1,0,0,4,1,0,1,1,52,63,-11,Low Risk,0.81,0.17
36,6,5096.64,2,3,3,159829.74,3,9,241406.47,3,580,1,1,0,7,5,1,0,32,70,54,16,Medium Risk,1.27,47.36
83,1,53044.68,4,2,0,151374.47,2,8,61063.23,2,422,2,0,1,7,1,1,4,27,40,71,-31,Low Risk,0.56,1.15
72,0,70432.16,1,0,0,152304.02,3,8,214563.18,2,598,3,2,1,7,6,1,3,62,58,67,-9,Medium Risk,0.85,3.05
75,0,153576.65,1,0,3,190965.56,3,9,134340.58,2,828,1,0,0,1,3,1,2,58,53,82,-29,Low Risk,0.64,0.87
50,0,60580.74,3,0,1,143286.83,2,10,206867.35,0,361,0,1,0,8,6,1,0,33,89,55,34,High Risk,1.59,3.41
43,0,947.84,1,1,2,48887.61,0,7,96069.31,3,665,0,1,0,1,7,1,1,16,77,37,40,High Risk,2.03,101.25
57,1,96686.8,1,0,1,52765.53,3,9,226820.62,1,467,3,2,1,9,0,1,4,1,64,62,2,Medium Risk,1.02,2.35
46,0,17192.83,3,1,2,186405.2,2,1,79798.12,3,589,1,1,0,0,2,1,0,18,54,45,9,Medium Risk,1.17,4.64
28,1,127207.63,2,0,0,158318.98,1,3,72825.79,2,711,3,1,1,6,1,0,3,73,44,75,-31,Low Risk,0.58,0.57
79,5,242896.09,3,1,2,62450.04,0,10,201221.41,2,639,3,0,1,9,7,1,0,19,84,70,14,Medium Risk,1.18,0.83
27,1,76438.75,4,1,2,130461.6,3,4,234336.91,0,633,3,0,1,7,3,0,0,37,55,57,-2,Medium Risk,0.95,3.07
49,1,163746.09,3,0,1,153625.88,2,1,151091.31,1,672,3,2,0,8,6,0,4,36,67,84,-17,Low Risk,0.79,0.92
35,0,56337.39,3,1,2,143205.02,1,2,109074.81,0,489,1,1,0,5,4,0,0,80,75,41,34,High Risk,1.79,1.94
22,0,52001.49,4,0,3,41102.56,0,5,238237.61,2,463,0,2,1,3,0,0,2,12,100,39,61,High Risk,2.5,4.58
85,0,56399.23,3,3,0,191819.96,2,8,167943.36,2,648,3,0,1,7,8,1,4,45,40,81,-41,Low Risk,0.49,2.98
80,2,162702.46,2,0,3,223846.79,1,6,203101.16,0,383,3,0,0,8,5,1,1,19,87,65,22,High Risk,1.32,1.25
73,7,123123.8,4,1,3,28903.35,1,9,46727.13,3,623,3,1,0,8,1,0,4,86,57,78,-21,Low Risk,0.72,0.38
43,0,161410.95,1,2,0,218366.89,2,2,153329.53,1,794,3,0,0,8,9,1,2,57,53,85,-32,Low Risk,0.62,0.95
71,0,81047.48,2,3,1,28762.42,3,8,124267.86,0,803,0,0,0,0,9,0,0,35,60,66,-6,Medium Risk,0.9,1.53
23,1,20129.91,2,1,3,180333.18,0,6,29412.21,1,635,2,2,1,3,2,0,4,64,60,40,20,Medium Risk,1.46,1.46
70,1,225075.97,3,0,3,14815.22,2,2,64442.98,1,728,0,2,1,7,9,0,0,100,41,82,-41,Low Risk,0.49,0.29
57,0,16496.02,4,3,3,83796.53,3,9,127070.26,2,413,1,2,0,7,7,0,0,30,67,59,8,Medium Risk,1.12,7.7
74,0,230908.8,3,0,2,66846.91,0,1,75422.14,2,425,2,0,1,3,0,1,2,55,70,65,5,Medium Risk,1.06,0.33
47,0,224159.74,2,3,3,54072.08,2,5,44412.72,3,769,0,2,0,4,6,1,4,4,34,100,-66,Low Risk,0.34,0.2
34,1,117449.4,3,3,0,10400.76,0,6,234476.61,1,694,2,0,1,7,5,1,0,24,66,56,10,Medium Risk,1.16,2.0
81,1,44276.09,2,1,2,52580.84,3,1,74704.09,2,409,0,1,0,1,0,1,1,50,53,43,10,Medium Risk,1.2,1.69
70,1,220823.18,1,0,1,55879.15,3,7,143962.09,2,563,1,0,0,8,2,1,4,7,49,66,-17,Low Risk,0.73,0.65
28,1,30410.1,3,2,0,80668.01,1,8,59326.39,3,463,0,0,0,0,6,1,2,33,83,36,47,High Risk,2.24,1.95
64,1,183509.13,1,3,2,179217.72,0,10,15312.8,2,845,3,0,1,8,2,0,2,13,44,95,-51,Low Risk,0.46,0.08
59,0,82677.03,3,3,1,77657.41,1,3,114170.0,3,748,0,2,1,7,4,0,2,77,54,77,-23,Low Risk,0.69,1.38
43,0,3437.32,1,1,2,141303.56,2,1,225191.9,2,763,2,1,1,0,2,0,2,70,56,64,-8,Medium Risk,0.86,65.49
38,1,106304.91,1,1,2,191199.92,3,5,226061.53,1,691,0,2,1,10,2,1,1,95,48,73,-25,Low Risk,0.65,2.13
19,0,181240.87,1,0,2,58423.5,2,10,217050.91,2,603,2,1,0,9,9,1,4,52,87,66,21,High Risk,1.3,1.2
59,1,42831.23,3,0,0,151046.05,2,9,177358.33,0,479,0,1,1,0,9,0,0,9,72,42,30,High Risk,1.67,4.14
69,1,79292.99,1,3,1,82336.93,0,8,171363.3,0,357,1,1,0,10,4,1,0,63,85,43,42,High Risk,1.93,2.16
59,1,134611.36,2,2,3,211386.25,3,2,200332.06,1,843,2,1,0,10,8,0,1,64,65,90,-25,Low Risk,0.71,1.49
68,1,106923.8,4,1,0,130647.65,3,1,211553.4,3,563,3,2,0,7,2,0,4,73,56,77,-21,Low Risk,0.72,1.98
48,1,114782.75,2,3,2,164524.31,0,1,132404.36,3,457,3,0,1,2,6,1,0,18,81,52,29,High Risk,1.53,1.15
85,4,38683.62,1,0,2,218071.78,2,3,95957.7,0,696,3,2,1,7,8,1,0,77,42,67,-25,Low Risk,0.62,2.48
74,2,29707.77,1,1,3,33767.91,2,6,222275.54,0,742,3,0,0,3,1,0,0,66,59,51,8,Medium Risk,1.13,7.48
61,1,170022.5,4,1,0,206217.85,3,7,222206.97,2,595,1,1,0,0,5,0,4,78,58,69,-11,Low Risk,0.83,1.31
31,1,188884.25,3,3,3,110685.98,0,2,171709.82,2,434,1,0,0,5,7,1,1,99,92,54,38,High Risk,1.67,0.91
57,1,129966.72,1,1,2,208510.82,2,3,220082.89,1,790,3,2,1,6,7,1,4,13,39,92,-53,Low Risk,0.42,1.69
44,1,187811.72,4,2,0,105317.01,3,10,216756.87,0,444,1,1,0,7,10,1,4,7,78,67,11,Medium Risk,1.15,1.15
56,1,127342.74,2,2,3,182950.52,0,8,162728.02,2,658,3,0,0,7,8,0,1,67,99,64,35,High Risk,1.52,1.28
62,0,13907.06,1,1,2,110590.06,3,10,212736.89,0,550,3,2,1,1,7,0,2,11,73,46,27,High Risk,1.55,15.3
44,0,213363.54,3,2,0,106783.49,3,9,181823.4,2,516,2,1,0,10,3,1,2,32,66,76,-10,Low Risk,0.86,0.85
71,1,51275.16,3,2,2,113439.14,1,7,163491.17,2,761,3,1,0,6,7,1,4,21,61,82,-21,Low Risk,0.73,3.19
60,0,72588.92,4,1,2,50570.09,0,3,248696.94,0,707,0,2,0,5,4,1,4,28,80,61,19,Medium Risk,1.29,3.43
23,1,153744.29,3,1,1,122258.14,0,2,224252.75,1,659,1,0,1,8,6,1,4,41,83,63,20,Medium Risk,1.3,1.46
57,0,10827.37,3,1,1,187609.8,0,7,135657.95,0,342,0,0,0,6,2,0,4,5,93,38,55,High Risk,2.38,12.53
60,1,55272.92,1,3,0,196018.72,3,6,58339.5,2,660,0,0,0,6,3,1,0,73,29,62,-33,Low Risk,0.46,1.06
27,0,157183.56,3,1,2,129692.67,0,1,197782.97,2,666,0,0,1,3,10,1,3,68,88,60,28,High Risk,1.44,1.26
75,0,39262.56,4,2,2,225358.95,2,5,38875.5,3,710,2,1,0,3,7,1,0,44,36,75,-39,Low Risk,0.47,0.99
29,0,138186.08,2,3,1,36422.55,3,9,224386.54,0,577,1,1,0,7,6,0,2,6,81,55,26,High Risk,1.45,1.62
35,1,224337.99,4,2,1,239885.23,0,9,217925.41,3,673,3,0,0,8,7,0,4,11,100,82,18,Medium Risk,1.2,0.97
33,1,219931.72,2,3,2,186881.58,3,9,229941.56,2,426,0,2,1,8,4,1,3,38,66,80,-14,Low Risk,0.81,1.05
66,4,137662.74,1,1,3,29652.1,1,3,25328.19,3,600,0,0,0,6,9,0,2,11,60,61,-1,Medium Risk,0.97,0.18
80,1,208488.68,4,1,0,4218.57,0,7,180358.5,2,550,0,0,1,2,2,0,1,71,71,51,20,Medium Risk,1.37,0.87
22,1,101096.76,3,3,0,101105.27,3,9,187406.31,3,368,0,0,0,9,5,1,1,64,71,66,5,Medium Risk,1.06,1.85
47,1,129851.6,3,1,3,244997.16,2,5,93178.93,0,755,0,0,1,8,9,0,4,47,38,82,-44,Low Risk,0.46,0.72
25,0,96300.99,2,1,2,24751.14,3,8,128444.29,1,486,2,0,0,7,1,0,2,70,76,45,31,High Risk,1.65,1.33
78,0,174096.51,4,1,3,242448.82,1,6,223186.9,1,621,1,1,1,10,5,0,1,85,61,77,-16,Low Risk,0.78,1.28
77,1,248592.14,2,0,2,181408.61,0,2,51933.57,0,783,0,1,1,8,9,0,0,4,63,78,-15,Low Risk,0.8,0.21
59,0,141862.38,3,1,0,201362.51,3,6,132803.39,2,312,1,2,1,10,5,0,1,67,47,72,-25,Low Risk,0.64,0.94
53,1,161158.86,1,2,3,233370.53,3,5,46393.54,1,784,2,1,1,4,4,1,2,13,18,93,-75,Low Risk,0.19,0.29
22,1,98871.75,1,1,3,78656.34,0,7,201067.71,0,420,2,1,1,6,4,1,0,78,89,33,56,High Risk,2.62,2.03
45,0,28286.69,4,3,0,103409.19,2,1,145632.72,1,806,3,1,1,4,9,1,1,92,35,91,-56,Low Risk,0.38,5.15
20,0,39600.82,3,0,1,94031.71,2,3,220224.45,2,416,1,0,0,2,8,0,0,66,99,37,62,High Risk,2.61,5.56
82,1,146335.45,4,0,2,159750.95,0,5,203870.67,0,315,1,1,1,4,1,1,3,58,83,59,24,High Risk,1.38,1.39
43,7,78350.35,3,1,1,213948.79,3,9,192925.0,0,394,1,1,0,1,5,1,4,2,82,51,31,High Risk,1.58,2.46
74,0,38693.98,2,2,2,60571.05,0,9,245120.39,1,794,3,2,1,1,10,1,4,62,89,64,25,High Risk,1.37,6.33
56,0,27501.56,4,3,3,201239.2,1,4,191182.07,0,421,2,0,1,7,2,0,4,49,68,57,11,Medium Risk,1.17,6.95
52,1,53971.63,2,3,3,33671.81,1,3,89339.22,2,515,3,0,0,4,1,0,1,56,57,52,5,Medium Risk,1.08,1.66
27,0,180032.94,1,0,3,56903.93,2,10,84272.76,3,716,1,0,0,10,6,0,4,34,65,77,-12,Low Risk,0.83,0.47
35,1,18745.46,4,1,1,57363.36,2,9,9210.34,1,783,1,1,0,3,1,1,0,26,30,67,-37,Low Risk,0.44,0.49
60,0,54482.01,3,2,3,5172.98,1,2,59615.83,3,356,3,1,1,2,9,1,2,21,73,52,21,High Risk,1.38,1.09
66,0,206063.05,2,1,2,106060.29,1,8,217402.75,1,435,3,2,1,8,4,1,3,78,73,78,-5,Medium Risk,0.92,1.06
21,1,209840.13,4,2,3,17285.19,1,7,185546.68,3,303,0,0,1,0,6,0,2,76,100,50,50,High Risk,1.96,0.88
62,0,203590.21,2,3,1,227212.6,3,4,219988.91,2,829,1,2,0,10,10,1,3,46,55,100,-45,Low Risk,0.54,1.08
50,3,7603.0,4,0,2,96146.63,2,8,121858.07,0,711,1,0,1,8,4,1,3,41,49,72,-23,Low Risk,0.67,16.03
65,0,100148.75,4,3,3,117627.6,0,2,76590.55,0,716,2,2,1,2,1,1,4,42,52,79,-27,Low Risk,0.65,0.76
33,1,186730.83,4,1,1,111122.36,0,9,105212.13,0,788,2,0,1,2,2,1,0,67,70,71,-1,Medium Risk,0.97,0.56
58,0,212306.53,1,3,0,211318.52,1,7,203760.32,3,515,3,0,1,9,3,1,4,83,55,80,-25,Low Risk,0.68,0.96
26,4,10055.58,1,0,0,217810.61,1,9,27678.77,3,681,1,0,0,0,5,1,2,65,62,46,16,Medium Risk,1.32,2.75
50,0,39682.7,1,3,0,14304.02,3,3,219914.15,0,511,0,1,0,4,5,1,4,59,56,41,15,Medium Risk,1.33,5.54
62,1,130611.69,4,1,2,233971.66,1,6,203780.89,3,359,0,1,1,6,9,1,1,87,78,71,7,Medium Risk,1.08,1.56
80,4,55810.3,4,1,0,28002.89,3,7,109273.53,2,327,1,1,1,3,6,1,2,4,47,60,-13,Low Risk,0.77,1.96
47,1,35701.01,4,1,0,239932.8,1,2,9186.84,0,535,2,0,0,5,9,0,4,39,51,50,1,Medium Risk,1.0,0.26
21,0,231220.86,1,0,3,158716.11,2,9,119992.25,2,318,0,2,0,7,7,1,1,80,92,67,25,High Risk,1.35,0.52
75,0,68395.94,3,3,3,163851.89,2,10,11650.44,0,406,2,1,1,8,6,0,3,81,41,78,-37,Low Risk,0.52,0.17
59,1,102924.94,3,2,3,63964.71,0,5,205748.46,2,818,3,1,0,1,3,1,4,52,81,76,5,Medium Risk,1.05,2.0
18,1,72732.57,2,3,1,24423.44,1,7,89622.7,2,720,0,2,1,7,9,1,4,3,57,67,-10,Low Risk,0.84,1.23
33,0,57913.26,4,3,3,249488.93,2,8,117925.16,1,553,0,2,0,3,10,1,2,8,72,65,7,Medium Risk,1.09,2.04
24,1,7464.12,4,2,1,56459.66,1,7,225702.9,0,799,1,2,0,4,6,0,3,67,87,61,26,High Risk,1.4,30.23
36,3,77620.32,4,0,3,6421.42,0,10,237960.97,0,763,1,1,1,3,9,0,4,24,97,56,41,High Risk,1.7,3.07
56,0,123164.63,4,2,1,215847.25,3,10,194122.91,0,503,2,0,1,2,8,0,0,76,79,57,22,High Risk,1.36,1.58
38,6,171634.05,1,0,0,75848.04,3,2,161749.85,3,442,2,1,0,5,3,1,0,49,63,54,9,Medium Risk,1.15,0.94
34,0,241263.88,2,2,2,247995.92,3,1,42392.73,0,656,3,1,0,6,8,0,1,71,62,84,-22,Low Risk,0.73,0.18
27,0,245752.7,2,2,0,243177.95,2,7,14878.29,1,423,0,1,1,0,2,1,0,10,46,68,-22,Low Risk,0.67,0.06
35,1,6304.59,2,0,0,143771.96,3,6,126707.6,0,736,3,0,0,0,10,1,1,32,48,57,-9,Medium Risk,0.83,20.09
33,0,158189.42,1,3,2,173961.77,2,8,36860.25,1,816,3,0,1,10,2,0,2,24,31,99,-68,Low Risk,0.31,0.23
61,0,136119.6,4,2,2,190970.84,1,5,132796.41,1,795,2,0,0,7,1,1,3,30,58,81,-23,Low Risk,0.71,0.98
74,0,166660.24,1,3,1,216675.45,3,6,225641.08,0,383,2,2,1,0,1,1,0,46,61,67,-6,Medium Risk,0.9,1.35
82,1,118478.91,2,2,0,20198.03,2,9,63617.33,0,303,3,0,0,9,1,1,4,100,53,62,-9,Medium Risk,0.84,0.54
81,0,20299.92,2,3,3,120208.01,1,10,42570.45,1,763,2,2,1,1,9,0,0,34,44,67,-23,Low Risk,0.65,2.1
37,1,5815.12,2,1,1,152552.7,0,2,28544.07,1,458,3,1,1,0,4,1,4,65,58,39,19,Medium Risk,1.45,4.91
50,0,69997.39,3,1,0,5902.41,2,5,35156.76,0,783,0,1,0,8,1,0,0,38,25,69,-44,Low Risk,0.36,0.5
68,0,215951.42,4,3,1,3586.24,1,7,143941.01,2,841,1,2,0,10,5,0,3,95,54,99,-45,Low Risk,0.54,0.67
55,1,184689.72,4,0,3,104469.14,3,3,131611.98,2,436,0,1,1,8,4,0,1,84,56,74,-18,Low Risk,0.75,0.71
65,1,184002.77,2,3,1,78178.48,3,5,21162.16,3,780,2,1,0,2,8,0,0,59,34,94,-60,Low Risk,0.36,0.12
27,0,147182.94,1,2,1,211884.97,3,6,96806.4,0,798,1,1,1,8,4,1,4,1,38,80,-42,Low Risk,0.47,0.66
75,0,169927.74,2,0,0,128576.88,1,4,57114.94,1,421,2,1,1,9,10,1,3,94,52,75,-23,Low Risk,0.68,0.34
30,1,133435.24,4,2,0,168687.77,3,9,132944.19,2,305,0,1,0,9,4,0,4,5,80,66,14,Medium Risk,1.19,1.0
59,1,10731.85,2,2,2,14252.96,0,2,5657.17,2,448,0,2,1,9,5,0,0,26,69,33,36,High Risk,2.03,0.53
25,1,41280.29,2,3,1,201868.59,3,2,9194.1,2,585,3,2,0,3,1,1,4,68,39,61,-22,Low Risk,0.63,0.22
63,0,209341.1,1,1,1,53108.5,0,7,156416.26,1,328,0,1,1,0,0,1,3,11,87,50,37,High Risk,1.71,0.75
85,1,68242.47,4,0,3,92945.12,1,9,100074.99,1,620,1,1,1,8,9,0,0,76,67,58,9,Medium Risk,1.14,1.47
60,0,168800.44,4,2,3,74743.37,1,5,176927.88,2,778,0,1,0,9,10,0,1,88,80,86,-6,Medium Risk,0.92,1.05
82,0,49264.5,3,2,2,190425.97,2,6,9193.89,3,741,3,2,1,5,9,0,0,59,36,83,-47,Low Risk,0.43,0.19
61,0,230805.77,4,3,0,187926.86,0,10,184623.89,0,587,2,1,0,3,7,1,3,41,79,67,12,Medium Risk,1.16,0.8
79,1,5872.59,1,0,1,125814.24,2,8,149793.19,3,797,0,1,0,5,0,1,4,19,49,73,-24,Low Risk,0.66,25.5
57,0,181028.6,4,0,2,36664.82,1,5,201475.34,0,340,2,1,1,4,10,1,1,90,83,62,21,High Risk,1.32,1.11
47,0,67853.1,3,2,0,164974.07,1,7,121458.05,0,341,1,1,0,1,10,0,0,43,90,39,51,High Risk,2.25,1.79
50,0,9751.34,3,3,0,144313.45,1,2,122724.24,0,683,1,2,1,7,5,0,0,37,45,57,-12,Low Risk,0.78,12.58
49,0,177888.87,2,3,0,107141.36,2,4,93893.34,3,592,3,0,0,10,10,1,1,98,45,80,-35,Low Risk,0.56,0.53
34,0,205644.97,2,3,1,94559.94,3,9,236447.86,0,707,3,2,1,5,7,1,1,0,57,89,-32,Low Risk,0.63,1.15
63,4,70884.64,1,1,1,180331.1,1,4,149597.85,0,494,1,0,0,5,3,0,0,38,76,36,40,High Risk,2.05,2.11
42,1,106855.47,3,1,3,230512.74,2,8,95393.52,3,558,0,0,0,10,1,1,4,80,54,68,-14,Low Risk,0.78,0.89
74,0,218685.03,1,0,1,28561.15,3,3,18181.11,3,425,3,1,1,8,1,0,0,45,39,74,-35,Low Risk,0.52,0.08
74,1,182945.7,3,0,1,145111.68,1,10,30457.74,1,459,3,1,1,1,4,0,3,35,59,70,-11,Low Risk,0.83,0.17
34,0,5617.8,2,1,2,197378.02,1,8,1437.52,0,621,3,0,0,0,1,1,1,94,61,45,16,Medium Risk,1.33,0.26
67,1,60042.21,3,0,0,7080.47,3,2,237223.8,2,390,3,0,0,4,1,1,4,33,59,52,7,Medium Risk,1.11,3.95
80,1,167801.62,4,0,3,219599.96,0,9,3972.21,0,303,3,0,0,2,0,0,1,49,85,67,18,Medium Risk,1.25,0.02
75,1,155444.57,2,1,1,34762.08,2,8,191372.55,1,754,2,2,0,1,8,1,2,53,56,81,-25,Low Risk,0.68,1.23
34,0,1924.54,1,2,3,154603.8,2,7,121886.65,0,589,3,2,1,0,9,1,1,68,68,48,20,Medium Risk,1.39,63.3
75,1,2772.21,4,3,2,17777.91,0,5,55455.52,1,640,0,1,0,8,3,1,3,30,60,53,7,Medium Risk,1.11,20.0
35,0,225405.85,4,2,2,84457.13,3,8,41449.4,0,830,3,1,1,5,3,0,2,78,39,100,-61,Low Risk,0.39,0.18
52,0,141139.33,4,3,0,12704.12,1,7,230906.96,1,349,3,1,0,7,6,0,2,37,82,64,18,Medium Risk,1.26,1.64
74,1,43038.41,3,1,1,119984.71,2,5,103432.14,2,610,3,0,0,3,0,1,0,14,38,57,-19,Low Risk,0.66,2.4
21,0,133467.78,4,2,3,174294.57,2,4,165359.48,2,662,0,1,0,3,2,0,0,44,80,65,15,Medium Risk,1.21,1.24
49,1,62560.66,3,2,0,162058.14,2,2,173585.18,2,802,2,1,0,8,8,0,4,86,55,88,-33,Low Risk,0.62,2.77
55,0,10444.82,2,1,2,169341.29,1,8,128735.65,0,753,1,0,1,0,4,0,4,100,59,55,4,Medium Risk,1.05,12.32
35,1,192456.08,4,1,1,148232.29,0,5,76877.72,1,755,1,2,0,9,8,1,4,43,62,88,-26,Low Risk,0.7,0.4
80,1,109047.38,2,2,3,38894.25,2,3,162804.46,2,363,1,2,0,8,2,0,2,54,71,65,6,Medium Risk,1.08,1.49
70,1,123003.35,1,3,1,118098.34,2,8,69686.44,1,428,1,0,1,2,10,1,1,48,46,67,-21,Low Risk,0.68,0.57
42,0,174764.42,3,3,0,175238.18,0,10,55193.16,3,495,1,2,1,3,4,0,3,10,67,69,-2,Medium Risk,0.96,0.32
82,7,32089.13,3,1,0,164359.22,1,9,101355.93,2,563,2,0,0,1,1,0,1,78,74,46,28,High Risk,1.57,3.16
60,0,211715.85,2,0,2,153882.13,3,6,134353.68,3,343,0,0,1,8,10,1,3,8,65,75,-10,Low Risk,0.86,0.63
24,0,103639.79,4,3,3,86997.73,2,10,7891.73,0,728,0,2,0,7,7,1,3,23,50,87,-37,Low Risk,0.57,0.08
73,1,44658.11,3,1,3,176935.68,0,7,211252.45,2,538,2,1,0,9,9,1,0,26,86,47,39,High Risk,1.79,4.73
80,0,176923.64,3,0,3,224932.71,0,9,156853.14,0,343,3,1,0,0,6,1,0,1,100,53,47,High Risk,1.85,0.89
69,1,172387.13,3,1,0,92887.03,3,7,98380.48,0,527,2,0,1,0,1,1,1,97,24,64,-40,Low Risk,0.37,0.57
84,1,54315.22,1,3,0,229629.01,1,1,2530.75,0,363,2,0,1,7,5,1,1,38,36,63,-27,Low Risk,0.56,0.05
40,0,38667.08,1,1,0,66571.0,1,2,150978.64,0,375,0,2,0,8,0,1,1,81,74,37,37,High Risk,1.95,3.9
22,1,142369.5,1,0,0,205672.38,3,4,126924.42,2,601,2,0,1,5,8,0,3,65,54,58,-4,Medium Risk,0.92,0.89
18,1,244897.84,1,2,2,117126.19,1,1,62399.03,2,307,3,0,1,8,0,0,2,75,81,63,18,Medium Risk,1.27,0.25
64,0,117868.71,4,3,0,112399.21,1,10,13004.05,3,788,2,1,0,6,3,1,3,73,30,100,-70,Low Risk,0.3,0.11
24,0,27455.93,4,2,1,248566.32,0,1,220809.12,1,585,3,0,0,6,6,0,2,18,100,42,58,High Risk,2.33,8.04
44,0,224390.67,3,3,1,76780.16,1,8,58625.95,2,352,3,1,1,2,6,0,2,54,74,75,-1,Medium Risk,0.97,0.26
79,0,240858.9,3,0,2,8726.79,2,3,14461.65,0,606,1,1,0,9,2,1,0,5,32,75,-43,Low Risk,0.42,0.06
58,0,213570.59,3,3,1,174487.28,2,7,16255.63,0,700,1,2,1,5,10,0,0,43,30,95,-65,Low Risk,0.31,0.08
69,6,85836.44,3,3,1,42769.77,1,9,154031.84,1,426,3,2,0,6,5,1,4,77,76,62,14,Medium Risk,1.21,1.79
62,1,135305.18,4,1,0,72263.84,3,8,171380.92,1,488,2,1,0,1,0,0,1,45,65,60,5,Medium Risk,1.07,1.27
30,0,134619.76,1,1,1,48187.69,0,4,183042.86,1,545,1,2,1,7,4,1,4,88,79,44,35,High Risk,1.76,1.36
67,0,4158.72,2,3,1,226715.05,3,2,59826.74,0,347,1,1,1,3,4,0,4,9,46,52,-6,Medium Risk,0.87,14.38
33,1,141960.16,4,3,2,184795.02,1,8,148703.58,2,600,0,2,0,2,10,0,3,22,84,68,16,Medium Risk,1.22,1.05
34,0,70582.97,4,2,0,246455.44,2,2,205351.99,2,594,2,0,0,2,10,0,0,25,85,52,33,High Risk,1.6,2.91
56,0,86160.06,3,1,0,92196.96,3,7,141631.31,1,437,3,2,1,1,1,1,0,68,41,55,-14,Low Risk,0.73,1.64
85,4,238824.65,3,2,2,211885.58,2,1,216897.95,3,459,3,2,0,2,8,1,4,69,89,82,7,Medium Risk,1.07,0.91
54,0,106351.98,4,2,0,205440.32,2,10,198617.04,3,451,2,2,0,5,0,0,1,79,73,77,-4,Medium Risk,0.94,1.87
47,1,40.66,3,1,1,102237.93,0,10,190445.07,2,386,1,0,0,7,0,0,0,59,100,36,64,High Risk,2.7,4571.41
45,1,228504.16,1,1,1,39980.75,0,9,218749.85,1,611,0,1,1,7,8,0,1,99,94,52,42,High Risk,1.77,0.96
34,1,7357.79,1,1,0,113825.31,1,5,105770.9,2,452,3,0,1,8,10,0,1,56,66,44,22,High Risk,1.47,14.37
84,1,166401.03,4,2,2,171604.27,1,1,31938.82,1,552,1,1,1,9,9,1,3,83,51,79,-28,Low Risk,0.64,0.19
66,1,46834.53,4,0,3,79199.15,0,3,37534.99,0,692,1,0,1,7,4,0,2,40,50,51,-1,Medium Risk,0.96,0.8
29,0,125836.65,3,3,3,220866.43,2,8,203231.99,3,573,0,2,0,1,0,1,1,40,79,69,10,Medium Risk,1.13,1.62
21,0,78317.69,4,3,0,215405.36,2,9,29241.37,0,717,1,2,1,10,1,0,3,13,31,88,-57,Low Risk,0.35,0.37
37,0,142963.62,1,3,3,31978.57,1,2,235702.89,1,702,0,2,0,6,5,1,0,63,70,59,11,Medium Risk,1.17,1.65
73,0,41352.16,4,3,1,134167.7,1,7,11427.31,3,727,1,2,1,3,8,0,2,38,40,82,-42,Low Risk,0.48,0.28
40,0,225033.87,1,2,3,140742.95,0,9,222908.39,1,314,2,0,1,2,9,1,3,99,100,53,47,High Risk,1.85,0.99
58,1,76789.27,3,0,3,193456.48,2,9,107981.74,0,489,3,1,1,5,7,0,1,42,64,61,3,Medium Risk,1.03,1.41
85,1,38361.09,4,2,3,7146.09,1,5,28791.0,0,750,3,0,0,2,1,1,2,46,41,61,-20,Low Risk,0.66,0.75
81,0,54755.11,4,0,0,223841.13,0,7,28491.81,2,560,1,1,1,2,2,0,4,79,56,56,0,Medium Risk,0.98,0.52
57,1,106350.55,3,3,3,129086.5,3,2,69407.08,2,677,2,1,1,3,8,0,4,52,37,77,-40,Low Risk,0.47,0.65
42,0,597.8,4,3,0,146433.39,2,4,74159.9,3,346,3,1,0,5,9,0,0,42,59,64,-5,Medium Risk,0.91,123.85
71,0,41185.99,4,3,2,181903.38,0,5,149220.16,3,670,1,0,1,9,10,1,2,97,65,72,-7,Medium Risk,0.89,3.62
46,0,131538.28,3,2,2,12002.85,0,1,192954.19,2,767,1,2,0,4,0,0,3,36,89,64,25,High Risk,1.37,1.47
85,1,180871.8,2,1,1,121677.49,1,7,18110.01,1,569,2,1,1,10,1,1,1,76,32,77,-45,Low Risk,0.41,0.1
61,0,205600.32,4,2,1,134800.02,2,6,29505.75,1,429,0,1,1,10,1,0,4,41,48,85,-37,Low Risk,0.56,0.14
19,0,66713.08,4,0,3,179013.42,3,8,65697.55,2,597,0,1,0,2,7,0,3,80,87,53,34,High Risk,1.61,0.98
48,1,210551.07,3,1,0,153259.1,0,4,244517.09,0,725,1,0,0,5,1,0,2,17,73,68,5,Medium Risk,1.06,1.16
76,1,180587.85,1,2,1,214852.25,0,6,75293.82,2,308,1,0,1,9,6,1,4,59,73,63,10,Medium Risk,1.14,0.42
71,2,16666.34,1,2,0,139876.7,1,1,933.58,0,539,2,0,0,4,4,1,0,21,53,40,13,Medium Risk,1.29,0.06
79,0,133024.26,2,1,2,246449.23,1,5,209976.8,2,562,0,2,0,10,2,0,3,67,80,65,15,Medium Risk,1.21,1.58
69,0,62794.35,3,3,1,53522.24,0,8,217252.55,1,613,0,0,1,9,9,1,4,83,82,61,21,High Risk,1.32,3.46
56,1,177995.8,3,1,0,183568.58,2,10,58514.51,0,537,3,2,1,10,4,1,1,76,30,85,-55,Low Risk,0.35,0.33
71,1,74824.76,4,1,2,243038.99,2,3,233396.53,2,797,1,2,1,0,8,1,3,79,44,90,-46,Low Risk,0.48,3.12
52,0,46801.29,3,0,2,184100.81,2,3,55397.7,0,519,3,2,1,9,8,0,3,7,52,62,-10,Low Risk,0.83,1.18
77,1,152117.79,2,3,0,229401.16,2,3,52897.52,1,692,3,0,1,5,6,1,0,77,18,90,-72,Low Risk,0.2,0.35
79,0,46584.95,4,2,0,163650.68,1,3,234427.34,2,701,0,0,0,3,9,1,2,28,72,63,9,Medium Risk,1.12,5.03
81,1,234069.72,2,0,0,185093.34,3,5,157794.96,3,608,0,0,0,8,7,0,4,80,54,78,-24,Low Risk,0.68,0.67
62,6,3052.59,1,2,3,193459.28,3,8,115878.94,1,644,3,2,0,0,10,1,2,9,75,53,22,High Risk,1.39,37.95
81,5,90109.75,1,1,0,160282.96,0,5,218927.14,0,524,1,1,1,5,4,0,2,78,76,41,35,High Risk,1.81,2.43
75,0,136401.05,4,1,1,46238.24,3,10,132719.45,3,566,0,2,0,3,0,1,2,85,60,64,-4,Medium Risk,0.92,0.97
58,1,38836.47,3,2,0,93164.87,2,3,5452.83,1,684,1,2,0,4,1,0,2,80,31,70,-39,Low Risk,0.44,0.14
73,0,60378.72,4,3,2,113223.88,1,6,16129.91,3,304,1,0,1,2,1,1,1,73,48,71,-23,Low Risk,0.67,0.27
27,1,119966.25,3,2,2,206738.03,3,10,57760.61,1,554,3,2,1,5,7,0,2,14,64,68,-4,Medium Risk,0.93,0.48
49,0,211358.6,2,3,2,22823.9,1,1,105520.72,3,776,0,1,0,1,6,0,1,62,75,78,-3,Medium Risk,0.95,0.5
28,1,219434.18,1,0,3,153056.86,2,6,87551.97,0,472,1,0,0,4,8,1,2,90,63,62,1,Medium Risk,1.0,0.4
18,0,181999.62,3,1,3,213678.43,0,8,24939.25,1,843,1,0,0,7,8,0,3,86,82,83,-1,Medium Risk,0.98,0.14
63,0,88416.35,4,1,1,176162.64,1,1,246618.96,2,598,2,1,0,4,3,1,2,76,76,57,19,Medium Risk,1.31,2.79
28,0,233970.51,4,3,3,125374.04,1,2,227538.68,1,848,0,1,0,4,5,1,2,95,72,91,-19,Low Risk,0.78,0.97
45,1,223489.89,2,0,2,153912.31,2,2,178176.08,2,814,3,2,0,8,4,1,4,31,47,100,-53,Low Risk,0.47,0.8
43,0,184180.17,3,3,2,161042.6,1,2,165581.51,2,635,2,0,0,4,0,1,2,100,64,68,-4,Medium Risk,0.93,0.9
24,0,31759.83,4,1,0,91814.48,0,1,21007.79,0,364,0,1,1,6,2,1,1,84,72,37,35,High Risk,1.89,0.66
43,0,191397.8,1,2,1,249055.79,0,4,141733.62,0,673,3,1,0,9,0,0,3,60,86,66,20,Medium Risk,1.28,0.74
66,0,78978.47,3,2,2,19261.08,0,1,173930.6,3,399,1,0,1,5,7,1,0,69,93,39,54,High Risk,2.33,2.2
77,0,216061.96,3,1,2,178594.95,2,9,244727.53,0,759,3,0,1,0,1,1,2,18,49,93,-44,Low Risk,0.52,1.13
38,0,238062.6,1,1,0,155664.18,3,4,96548.45,2,698,1,0,0,0,2,0,4,86,42,69,-27,Low Risk,0.6,0.41
69,1,172738.74,2,3,3,243235.35,2,10,248735.87,0,335,3,1,1,8,1,1,0,96,56,80,-24,Low Risk,0.69,1.44
79,3,204546.35,2,1,3,29974.35,2,2,92727.87,0,363,1,1,1,5,2,0,3,25,50,63,-13,Low Risk,0.78,0.45
42,0,84916.56,1,2,1,7914.5,2,9,177281.07,2,661,1,1,1,3,7,1,2,61,63,57,6,Medium Risk,1.09,2.09
46,0,22171.22,4,3,2,72604.92,0,8,156101.19,0,784,3,0,0,10,2,0,1,6,80,69,11,Medium Risk,1.14,7.04
68,3,181803.23,4,3,0,124317.51,2,4,202480.89,2,672,1,1,0,3,10,1,2,43,55,89,-34,Low Risk,0.61,1.11
76,0,1564.86,1,2,0,174265.04,3,10,184554.16,3,437,1,0,0,4,2,1,4,45,65,49,16,Medium Risk,1.3,117.86
44,0,12910.37,2,0,1,59026.07,0,4,18851.45,2,559,0,1,0,4,2,0,3,27,78,35,43,High Risk,2.17,1.46
79,0,106558.37,2,1,1,92554.38,0,6,49597.26,1,706,1,2,0,0,2,1,0,45,53,58,-5,Medium Risk,0.9,0.47
30,0,171090.13,1,2,2,210373.5,2,5,52548.42,0,576,1,0,0,7,10,1,1,23,66,62,4,Medium Risk,1.05,0.31
36,0,121799.02,1,1,0,99991.57,3,2,91472.4,3,449,3,2,1,7,6,1,1,3,37,65,-28,Low Risk,0.56,0.75
62,1,193390.31,4,2,2,97069.79,2,9,204222.66,2,469,3,2,0,1,3,0,0,34,86,67,19,Medium Risk,1.26,1.06
79,1,96822.87,1,3,3,143924.01,1,3,153743.2,0,848,2,1,1,10,2,1,1,23,40,87,-47,Low Risk,0.45,1.59
58,0,120429.87,2,2,1,176514.38,3,1,110375.43,0,445,2,0,0,1,9,0,0,14,83,45,38,High Risk,1.8,0.92
58,0,94244.86,1,3,0,39378.96,0,2,258.74,2,473,3,0,0,0,1,0,2,84,66,44,22,High Risk,1.47,0.0
83,1,76907.24,3,1,0,226020.87,3,10,45062.52,3,695,1,2,1,2,9,1,3,87,25,81,-56,Low Risk,0.3,0.59
35,1,175583.48,2,3,2,91937.44,2,5,91251.93,1,452,0,1,0,8,4,0,3,11,56,71,-15,Low Risk,0.78,0.52
64,0,234428.64,1,0,2,181824.91,1,5,114837.59,3,715,3,2,1,6,9,1,3,70,56,92,-36,Low Risk,0.6,0.49
73,0,198573.13,4,3,1,197424.09,1,1,197033.37,3,313,0,0,1,2,4,1,2,18,76,71,5,Medium Risk,1.06,0.99
37,1,50448.31,2,1,2,18959.65,3,4,81945.85,1,663,1,1,0,4,8,1,1,71,43,54,-11,Low Risk,0.78,1.62
46,0,130556.16,4,3,0,45148.91,1,4,66968.11,3,535,1,0,0,9,9,1,0,99,57,60,-3,Medium Risk,0.93,0.51
59,6,8900.81,2,3,1,223981.72,1,8,62892.35,1,497,1,2,1,4,5,1,4,39,57,58,-1,Medium Risk,0.97,7.07
30,1,66429.87,2,2,2,42406.02,3,8,193068.37,3,463,1,0,1,2,10,1,1,22,81,47,34,High Risk,1.69,2.91
22,0,192411.78,4,3,0,116709.53,1,9,156.28,3,497,1,2,0,1,3,1,0,68,63,68,-5,Medium Risk,0.91,0.0
73,0,136213.47,2,2,3,214987.08,0,5,101203.36,0,344,0,1,0,0,1,0,0,96,100,41,59,High Risk,2.38,0.74
53,0,122470.97,3,2,0,158432.07,3,6,148631.53,1,598,3,2,1,2,2,0,2,33,51,66,-15,Low Risk,0.76,1.21
30,1,160833.73,2,0,1,211499.94,1,1,199239.02,0,438,0,1,1,9,1,0,3,28,85,55,30,High Risk,1.52,1.24
45,0,191735.33,3,1,0,82778.06,2,4,77851.32,1,649,0,2,1,7,2,0,3,96,33,73,-40,Low Risk,0.45,0.41
31,0,177947.79,2,0,1,62490.32,1,3,24333.2,2,353,3,2,1,3,1,0,4,33,65,64,1,Medium Risk,1.0,0.14
22,0,37807.22,2,1,2,192802.72,1,6,71432.69,3,562,1,0,1,5,4,0,2,75,65,39,26,High Risk,1.62,1.89
60,1,40285.04,4,2,1,93940.56,1,3,110456.2,1,596,3,1,1,7,10,0,4,97,70,53,17,Medium Risk,1.3,2.74
63,3,86831.69,3,2,0,88970.18,2,8,181091.01,0,581,1,1,1,1,8,1,3,34,69,54,15,Medium Risk,1.25,2.09
77,1,6261.78,2,1,2,23608.18,0,1,18728.03,3,754,3,1,1,10,3,1,4,14,37,69,-32,Low Risk,0.53,2.99
71,1,168211.36,3,2,0,199338.85,3,4,235692.93,3,534,3,0,0,9,6,0,0,18,64,72,-8,Medium Risk,0.88,1.4
53,7,248165.23,1,0,1,220370.25,0,8,75988.86,2,754,0,2,1,2,2,1,3,27,72,86,-14,Low Risk,0.83,0.31
68,1,236555.66,3,2,3,43788.57,1,1,242573.51,2,556,0,2,0,5,7,1,0,64,86,57,29,High Risk,1.48,1.03
43,1,172377.86,1,2,2,172556.68,3,3,60054.8,1,525,0,0,1,6,3,0,0,86,51,56,-5,Medium Risk,0.89,0.35
58,0,86132.42,4,3,3,87454.3,3,7,89327.49,2,707,2,2,1,3,4,0,1,44,31,82,-51,Low Risk,0.37,1.04
80,1,17903.71,1,1,0,204564.2,0,8,106746.88,2,592,2,2,1,3,7,0,3,91,70,44,26,High Risk,1.56,5.96
36,1,213244.0,3,3,3,46398.98,2,2,87156.43,2,810,0,0,0,1,1,0,1,48,44,88,-44,Low Risk,0.49,0.41
55,1,226649.06,1,1,0,71638.93,1,3,181116.2,0,828,1,2,0,0,2,1,1,11,47,77,-30,Low Risk,0.6,0.8
48,0,201380.22,1,1,1,59170.07,1,5,34442.54,1,810,1,0,0,7,4,1,1,18,38,85,-47,Low Risk,0.44,0.17
47,0,213278.95,4,2,0,51109.39,1,3,110545.87,0,830,2,0,1,0,1,0,2,53,54,83,-29,Low Risk,0.64,0.52
30,0,125123.66,4,2,3,10636.6,2,2,228709.64,0,751,3,2,0,9,8,1,2,22,71,81,-10,Low Risk,0.87,1.83
19,0,60822.85,1,2,0,183500.47,3,4,234424.32,1,802,1,1,0,10,1,0,1,18,67,74,-7,Medium Risk,0.89,3.85
37,0,172774.17,1,0,0,88157.88,0,7,89909.7,3,563,2,0,1,1,10,0,1,40,76,46,30,High Risk,1.62,0.52
80,1,110038.65,4,3,2,190632.55,2,1,17794.24,3,776,0,2,1,8,1,0,2,32,22,100,-78,Low Risk,0.22,0.16
48,7,171245.7,2,3,1,70449.75,1,10,115055.78,1,685,1,2,1,7,0,1,3,77,57,77,-20,Low Risk,0.73,0.67
84,1,117660.67,1,1,1,186821.93,0,8,56218.84,0,752,1,1,0,8,8,1,3,43,65,72,-7,Medium Risk,0.89,0.48
65,1,208890.09,1,3,2,72390.91,0,1,143990.72,2,701,3,1,1,10,0,1,4,79,55,85,-30,Low Risk,0.64,0.69
18,0,41149.08,1,2,2,57053.49,2,10,42591.85,2,495,0,1,1,7,6,1,2,89,67,46,21,High Risk,1.43,1.04
39,1,129427.19,3,2,1,28366.44,3,6,68078.4,3,781,3,1,0,1,10,0,4,61,55,80,-25,Low Risk,0.68,0.53
18,0,20915.25,2,2,0,68210.52,3,4,100759.28,0,685,2,1,1,5,7,1,1,89,52,54,-2,Medium Risk,0.95,4.82
31,1,78887.12,2,2,0,71240.82,1,7,81863.65,3,325,2,2,1,5,5,0,4,70,64,50,14,Medium Risk,1.25,1.04
62,0,101467.1,4,3,3,219881.02,1,9,14812.44,1,494,2,2,1,9,4,1,3,96,45,87,-42,Low Risk,0.51,0.15
81,1,75726.78,1,3,3,155731.05,0,6,48625.25,2,538,1,0,0,0,3,1,3,34,58,44,14,Medium Risk,1.29,0.64
37,1,179222.43,3,2,1,128813.95,1,10,194615.72,0,548,2,1,1,3,6,0,3,17,83,57,26,High Risk,1.43,1.09
38,1,59561.13,2,2,1,180195.34,1,10,102566.19,2,319,2,1,1,1,1,1,4,94,80,51,29,High Risk,1.54,1.72
50,0,91070.57,2,2,0,57868.53,3,4,145501.64,1,506,3,2,1,6,5,0,4,65,47,59,-12,Low Risk,0.78,1.6
56,3,216663.98,3,0,2,184797.28,0,2,176028.81,1,661,1,0,0,4,4,1,1,38,83,65,18,Medium Risk,1.26,0.81
19,1,84691.28,3,3,2,221032.18,2,9,57955.43,3,508,1,1,0,4,4,1,3,72,55,65,-10,Low Risk,0.83,0.68
45,0,12646.43,3,0,3,230897.73,2,4,63578.67,3,526,3,2,0,1,3,0,0,11,61,55,6,Medium Risk,1.09,5.03
70,0,8326.42,2,3,0,106233.88,3,8,28527.38,3,465,1,2,1,5,9,0,3,18,36,63,-27,Low Risk,0.56,3.43
32,0,46176.24,3,0,3,80006.04,1,9,48524.14,3,803,1,2,0,3,7,1,1,95,60,69,-9,Medium Risk,0.86,1.05
74,1,166652.34,1,3,2,229775.83,2,3,84782.94,0,653,3,2,0,5,0,1,4,23,31,88,-57,Low Risk,0.35,0.51
58,1,152367.79,3,3,0,234177.38,2,6,69853.09,0,658,0,1,1,10,8,0,0,77,33,84,-51,Low Risk,0.39,0.46
22,0,106292.01,1,0,1,192005.92,1,6,49296.28,2,546,2,2,1,10,0,0,0,12,62,52,10,Medium Risk,1.17,0.46
80,0,248269.66,4,1,0,142195.54,0,9,113267.85,0,572,2,0,0,3,3,1,0,22,73,57,16,Medium Risk,1.26,0.46
34,0,149670.1,3,0,2,26634.46,3,9,138164.73,1,608,0,0,0,3,2,0,0,45,75,46,29,High Risk,1.6,0.92
71,1,108482.28,4,2,1,180728.39,0,2,82203.38,0,802,1,0,1,7,5,0,1,35,55,77,-22,Low Risk,0.71,0.76
42,2,42424.12,4,2,1,129199.31,2,1,171148.37,0,757,3,0,1,3,5,0,1,28,59,70,-11,Low Risk,0.83,4.03
64,0,29933.11,3,3,0,242799.91,1,2,178427.61,0,660,1,1,0,5,0,0,4,32,59,60,-1,Medium Risk,0.97,5.96
75,0,9094.22,1,1,2,222037.52,1,6,133436.63,1,381,0,0,0,9,8,0,2,18,85,45,40,High Risk,1.85,14.67
27,0,9641.26,2,2,1,182389.56,3,7,124962.14,2,570,2,2,0,2,6,0,1,81,80,49,31,High Risk,1.6,12.96
70,0,191686.8,4,2,3,142506.68,3,6,17103.05,0,322,1,0,0,6,6,1,4,76,53,75,-22,Low Risk,0.7,0.09
44,5,87482.73,4,2,2,132444.27,3,1,113333.54,1,348,1,2,0,7,9,1,2,72,84,60,24,High Risk,1.38,1.3
26,1,130823.09,1,1,1,111277.38,2,9,152163.33,0,742,3,1,0,5,6,1,0,2,62,66,-4,Medium Risk,0.93,1.16
55,1,169237.24,4,0,0,41611.79,3,3,228477.05,0,479,3,1,0,10,1,1,0,52,57,64,-7,Medium Risk,0.88,1.35
61,1,39067.61,4,3,1,53751.46,0,8,35493.22,1,808,3,1,0,2,9,0,4,80,64,75,-11,Low Risk,0.84,0.91
62,0,113837.48,1,0,3,164865.86,2,9,67613.87,1,716,0,1,1,9,9,1,4,60,49,82,-33,Low Risk,0.59,0.59
30,1,107690.34,3,2,1,117948.11,1,9,41610.88,1,360,2,2,0,3,3,1,2,82,75,60,15,Medium Risk,1.23,0.39
85,1,62800.71,3,0,3,107108.14,0,5,6165.12,1,625,1,2,1,8,1,1,3,11,44,71,-27,Low Risk,0.61,0.1
49,1,211409.62,2,1,3,29550.83,2,7,228782.65,0,497,3,2,0,9,6,1,2,53,67,69,-2,Medium Risk,0.96,1.08
67,1,210804.59,1,2,2,87846.21,0,5,33917.29,1,393,0,0,0,2,5,0,0,85,84,49,35,High Risk,1.68,0.16
51,4,117040.95,4,3,3,157152.21,2,9,247960.64,0,304,3,0,0,5,1,1,1,47,75,72,3,Medium Risk,1.03,2.12
74,0,218195.98,2,3,3,192346.12,2,3,244485.18,0,814,3,1,0,7,5,0,2,82,52,100,-48,Low Risk,0.51,1.12
77,1,75131.82,1,1,0,99089.5,2,4,89919.39,0,788,1,0,1,0,10,1,3,18,19,67,-48,Low Risk,0.28,1.2
24,1,192022.97,2,3,3,84434.42,1,7,15710.81,1,468,0,1,1,1,6,1,4,6,63,61,2,Medium Risk,1.02,0.08
28,3,168485.93,4,2,3,67773.02,3,6,162985.87,0,809,3,2,0,3,8,1,1,98,70,89,-19,Low Risk,0.78,0.97
62,1,163058.88,1,3,1,23327.68,3,10,104748.79,0,400,2,1,0,4,5,0,4,8,59,60,-1,Medium Risk,0.97,0.64
62,0,26779.22,2,2,0,9844.61,3,9,161693.25,3,322,0,1,0,8,3,0,3,27,81,48,33,High Risk,1.65,6.04
70,0,152133.86,1,3,2,195647.37,2,3,238257.13,1,779,0,1,1,3,6,1,1,34,45,91,-46,Low Risk,0.49,1.57
48,0,37341.72,2,0,1,101599.93,1,1,178200.47,0,311,0,1,1,6,8,1,1,88,89,43,46,High Risk,2.02,4.77
69,0,235377.55,2,3,0,156904.0,0,7,68272.08,2,689,3,1,0,9,7,1,1,12,56,90,-34,Low Risk,0.62,0.29
57,1,100023.77,2,2,0,145150.6,2,1,14475.88,1,581,1,2,0,4,0,1,4,11,35,68,-33,Low Risk,0.51,0.14
62,0,20433.53,2,0,1,27236.79,0,4,159884.23,0,685,0,0,1,10,4,0,0,91,80,36,44,High Risk,2.16,7.82
59,0,244107.44,1,3,0,51620.52,0,5,60057.37,3,704,0,2,0,7,3,0,3,80,61,84,-23,Low Risk,0.72,0.25
18,0,206746.93,2,3,0,187908.48,2,9,237829.2,0,719,3,1,0,5,1,1,3,74,59,86,-27,Low Risk,0.68,1.15
80,0,88845.85,3,0,2,68020.08,3,9,127314.97,0,662,2,2,0,8,6,1,2,77,59,72,-13,Low Risk,0.81,1.43
34,1,230555.82,4,2,0,71543.65,0,1,21734.65,0,683,2,0,1,3,10,0,1,42,66,66,0,Medium Risk,0.99,0.09
31,0,43503.13,3,3,0,152189.84,1,2,244130.13,0,714,2,0,0,5,10,0,0,56,76,53,23,High Risk,1.41,5.61
21,0,237400.35,4,3,2,192615.68,0,1,58960.42,1,342,1,2,1,4,0,0,2,86,90,67,23,High Risk,1.32,0.25
60,4,192424.4,4,2,3,169521.95,0,9,216202.05,0,453,3,0,1,10,0,0,0,48,100,57,43,High Risk,1.72,1.12
25,2,130667.53,2,0,3,30308.11,3,4,44732.35,2,801,2,0,0,10,0,1,4,56,40,84,-44,Low Risk,0.47,0.34
31,0,189838.41,3,0,0,72044.23,2,5,119822.77,2,305,2,0,1,5,2,1,0,83,54,61,-7,Medium Risk,0.87,0.63
50,0,66957.23,3,1,3,89267.02,1,6,17194.57,2,750,3,2,0,9,6,0,0,57,45,81,-36,Low Risk,0.55,0.26
70,0,62397.72,4,3,3,227331.82,3,3,92519.62,2,453,3,1,0,6,10,1,1,14,52,78,-26,Low Risk,0.66,1.48
55,0,16403.39,2,0,2,20000.67,3,7,189811.01,1,415,1,0,0,3,10,1,3,39,71,38,33,High Risk,1.82,11.57
78,0,65018.81,1,3,0,61469.3,3,4,182582.81,2,829,2,0,0,0,6,1,4,57,41,78,-37,Low Risk,0.52,2.81
64,1,136663.22,2,3,1,89077.02,2,1,136536.75,1,323,1,2,0,2,8,0,2,100,75,61,14,Medium Risk,1.21,1.0
40,1,246977.46,1,3,1,218398.87,1,4,135919.44,1,850,2,1,0,0,10,1,1,82,60,90,-30,Low Risk,0.66,0.55
62,0,81942.33,2,2,0,95446.66,1,10,88031.6,1,630,1,1,1,9,8,1,4,71,55,59,-4,Medium Risk,0.92,1.07
78,6,119365.93,4,1,0,164725.54,2,9,4600.72,1,791,0,1,1,3,7,1,1,30,24,97,-73,Low Risk,0.24,0.04
60,4,14810.41,2,1,0,184536.61,0,9,72707.79,3,315,0,2,1,10,10,0,0,82,88,43,45,High Risk,2.0,4.91
44,1,238090.62,4,0,2,185624.14,2,10,69319.96,3,499,0,1,0,8,6,0,4,13,73,85,-12,Low Risk,0.85,0.29
33,1,181637.35,4,2,1,141988.47,3,7,164256.16,1,390,1,2,1,2,4,1,4,87,70,69,1,Medium Risk,1.0,0.9
37,0,188894.86,4,1,1,161598.67,2,7,214803.34,1,558,0,0,1,5,2,1,3,99,58,69,-11,Low Risk,0.83,1.14
20,0,174041.85,3,2,2,10856.41,1,1,162477.28,0,686,0,0,1,2,3,0,0,15,91,42,49,High Risk,2.12,0.93
46,1,9023.5,4,1,0,236337.42,2,2,65913.78,1,563,3,0,1,4,7,1,3,36,29,60,-31,Low Risk,0.48,7.3
41,2,244069.07,3,2,0,176727.87,1,3,248252.01,3,490,3,1,1,6,1,0,0,70,80,68,12,Medium Risk,1.16,1.02
29,4,93799.68,1,0,3,187957.86,1,10,161111.45,3,780,1,2,0,8,5,0,2,55,86,72,14,Medium Risk,1.18,1.72
54,1,193368.06,4,3,2,42319.54,3,7,134688.93,2,456,0,1,0,8,8,1,0,52,61,69,-8,Medium Risk,0.87,0.7
75,0,134334.89,4,3,2,89367.81,1,1,213635.53,2,323,2,2,1,0,9,1,3,54,84,68,16,Medium Risk,1.22,1.59
80,0,180663.83,2,3,3,167022.14,1,9,71650.59,0,760,1,0,0,0,1,0,0,92,54,77,-23,Low Risk,0.69,0.4
33,2,78175.94,4,2,3,30182.95,1,2,136528.15,1,606,1,1,1,8,8,0,1,12,80,52,28,High Risk,1.51,1.75
75,0,159414.85,1,3,3,224804.04,3,7,70617.53,0,849,3,2,1,7,9,1,0,77,27,100,-73,Low Risk,0.27,0.44
77,1,49629.59,2,1,1,66096.19,2,5,226988.34,2,675,3,1,1,2,9,1,0,32,50,63,-13,Low Risk,0.78,4.57
81,0,105033.51,1,2,2,243938.14,2,7,85142.04,0,765,2,1,1,4,1,0,3,78,34,82,-48,Low Risk,0.41,0.81
19,1,153258.74,1,1,1,231119.62,0,6,5140.45,3,762,2,1,1,7,10,1,4,70,55,85,-30,Low Risk,0.64,0.03
42,0,209117.45,2,3,3,154871.22,2,9,140297.47,3,481,1,2,1,7,7,1,3,81,55,85,-30,Low Risk,0.64,0.67
59,1,219349.34,2,0,0,119305.59,3,10,10415.65,2,836,2,2,1,9,9,1,2,86,22,100,-78,Low Risk,0.22,0.05
28,1,66413.01,1,2,3,204103.8,3,10,238770.72,3,355,1,2,0,10,9,1,0,3,95,54,41,High Risk,1.73,3.6
18,1,230864.55,1,0,2,202925.79,3,7,169320.96,0,319,0,2,1,5,8,1,3,46,79,63,16,Medium Risk,1.23,0.73
45,1,154350.73,2,1,0,179928.16,3,3,237830.37,1,547,1,2,0,3,8,0,1,60,64,61,3,Medium Risk,1.03,1.54
47,0,126650.91,1,0,1,42912.09,1,9,109637.81,2,692,1,2,0,1,6,0,3,75,86,53,33,High Risk,1.59,0.87
79,1,231037.05,1,1,1,202647.81,1,2,229591.0,2,783,2,1,0,10,9,0,3,65,67,89,-22,Low Risk,0.74,0.99
50,0,7065.88,1,0,0,69326.26,3,7,16574.22,3,579,0,1,0,2,1,0,1,58,46,44,2,Medium Risk,1.02,2.35
33,0,191498.24,4,3,1,167734.64,1,10,179323.56,1,345,3,1,1,0,9,1,2,69,88,70,18,Medium Risk,1.24,0.94
75,0,26445.75,1,3,3,222233.97,0,3,70586.89,2,567,2,0,0,9,2,0,2,45,72,51,21,High Risk,1.38,2.67
20,0,209808.6,3,2,1,79155.79,2,10,125408.62,0,453,0,2,1,5,10,1,4,7,85,68,17,Medium Risk,1.23,0.6
29,6,217781.09,1,0,2,187518.05,2,2,125896.35,0,702,3,0,1,2,7,1,4,74,57,78,-21,Low Risk,0.72,0.58
78,0,76368.09,4,2,0,143308.89,0,3,126926.55,2,790,2,1,1,2,9,1,2,21,63,78,-15,Low Risk,0.8,1.66
32,0,179754.82,4,0,2,99657.51,3,6,217079.71,1,414,3,2,1,6,10,0,4,62,81,70,11,Medium Risk,1.14,1.21
42,0,112512.15,1,1,0,51927.76,0,6,230024.04,2,481,0,2,0,3,9,0,3,62,100,42,58,High Risk,2.33,2.04
50,2,187143.96,3,0,1,2147.25,2,4,73802.99,0,542,3,2,1,10,10,1,0,44,50,70,-20,Low Risk,0.7,0.39
34,0,181527.26,4,0,3,222659.01,3,10,57423.6,2,441,0,0,0,5,10,0,4,57,85,70,15,Medium Risk,1.2,0.32
52,1,75107.54,1,1,3,198134.79,0,8,81755.81,2,547,0,1,1,1,9,0,0,15,84,33,51,High Risk,2.47,1.09
67,1,201844.11,4,1,3,248975.61,3,6,167190.05,1,789,1,0,1,5,7,1,2,64,32,98,-66,Low Risk,0.32,0.83
67,0,30100.15,3,0,3,37676.17,3,7,4390.7,1,817,1,2,0,8,9,0,2,76,39,86,-47,Low Risk,0.45,0.15
31,1,55858.36,3,2,3,496.06,1,3,55672.17,1,841,1,2,1,6,3,0,2,28,52,67,-15,Low Risk,0.76,1.0
76,0,192067.55,1,3,0,231073.08,3,6,206223.44,0,398,0,2,0,2,0,0,1,26,72,67,5,Medium Risk,1.06,1.07
72,0,36608.82,3,0,0,100364.02,1,1,227291.25,3,485,3,1,1,0,1,1,3,70,70,55,15,Medium Risk,1.25,6.21
51,2,172431.21,4,1,0,145886.5,1,9,17438.51,3,368,0,1,0,9,3,0,1,90,69,78,-9,Medium Risk,0.87,0.1
52,0,36579.56,2,0,1,103717.74,0,9,200278.89,2,547,3,0,1,0,2,1,2,79,93,42,51,High Risk,2.16,5.48
54,1,48194.84,3,0,2,205990.85,2,1,239387.31,3,837,2,2,1,6,7,0,3,25,54,89,-35,Low Risk,0.6,4.97
76,0,213533.67,4,1,1,147892.41,3,9,205764.34,1,619,3,2,1,10,7,1,3,75,55,94,-39,Low Risk,0.58,0.96
81,0,124419.03,3,3,0,140271.65,3,2,150217.26,2,717,0,2,1,10,6,0,1,8,41,89,-48,Low Risk,0.46,1.21
61,0,234337.19,4,0,3,22350.11,2,8,242348.44,1,724,3,2,0,1,4,1,1,69,68,86,-18,Low Risk,0.78,1.03
35,0,78291.12,4,1,0,198469.14,3,10,139646.85,3,541,2,0,0,1,5,1,4,11,57,57,0,Medium Risk,0.98,1.78
20,1,22634.53,3,0,1,141486.55,3,1,203189.09,3,672,0,1,1,8,10,0,2,89,80,61,19,Medium Risk,1.29,8.98
41,3,76426.54,4,2,2,115486.67,0,1,42303.16,2,606,0,1,1,0,9,0,0,86,85,45,40,High Risk,1.85,0.55
68,0,30103.26,3,0,1,29647.19,1,4,212593.58,2,765,2,1,0,8,5,0,1,46,69,71,-2,Medium Risk,0.96,7.06
22,0,4280.18,3,1,3,4004.32,0,7,68073.5,3,526,1,1,0,9,5,0,3,94,87,34,53,High Risk,2.49,15.9
42,1,237650.47,3,3,3,97338.89,3,2,12070.98,1,576,2,0,1,4,3,1,0,39,25,73,-48,Low Risk,0.34,0.05
75,0,153203.16,3,3,2,165057.91,2,2,189013.04,2,806,3,1,0,5,5,0,3,64,47,100,-53,Low Risk,0.47,1.23
80,0,20625.32,3,0,2,176359.71,2,9,130784.77,3,513,2,1,1,1,5,1,2,67,56,62,-6,Medium Risk,0.89,6.34
74,0,221534.17,4,2,1,177943.13,0,3,221446.7,3,431,1,2,0,3,4,1,1,10,95,69,26,High Risk,1.36,1.0
52,0,73270.06,4,1,1,188327.33,2,10,8577.97,1,444,3,0,1,9,4,1,1,78,38,78,-40,Low Risk,0.48,0.12
41,0,242196.65,1,1,2,47900.89,0,7,173622.9,1,812,3,0,1,6,6,1,2,2,66,78,-12,Low Risk,0.84,0.72
45,0,161571.1,1,3,0,178463.54,1,1,6603.74,1,789,0,2,1,5,3,1,2,36,29,88,-59,Low Risk,0.33,0.04
30,1,201390.99,4,1,1,78261.79,3,2,96559.14,2,629,2,1,1,9,9,1,4,36,39,83,-44,Low Risk,0.46,0.48
51,0,145869.72,4,3,2,14340.77,0,10,84327.87,2,823,3,2,0,4,7,1,1,76,63,88,-25,Low Risk,0.71,0.58
25,1,72375.45,1,1,2,107158.29,0,2,220662.41,0,345,2,0,0,8,7,1,4,66,100,36,64,High Risk,2.7,3.05
67,0,71902.92,4,0,3,155177.32,3,2,64143.69,1,659,1,0,1,6,6,0,4,32,41,69,-28,Low Risk,0.59,0.89
60,0,155360.82,2,3,2,109957.41,1,2,178123.7,0,517,2,0,0,6,4,1,2,55,67,60,7,Medium Risk,1.1,1.15
51,1,97951.63,1,1,1,2967.39,3,1,22628.88,0,560,0,2,1,4,3,1,0,73,30,42,-12,Low Risk,0.7,0.23
26,1,69393.65,4,3,3,169773.34,3,6,24001.88,1,749,0,2,1,2,5,1,4,90,29,85,-56,Low Risk,0.34,0.35
84,1,245885.61,2,0,3,101898.79,0,9,192246.14,3,525,2,1,1,6,10,0,4,9,91,67,24,High Risk,1.34,0.78
85,1,243246.62,4,2,3,143064.73,1,5,87326.37,2,572,3,1,1,4,7,0,1,98,58,81,-23,Low Risk,0.71,0.36
72,6,226427.85,1,2,2,129220.54,1,2,191247.42,3,402,2,2,0,3,3,1,4,66,81,65,16,Medium Risk,1.23,0.84
39,0,135372.69,2,2,1,76204.2,1,2,16101.62,0,749,2,2,0,8,7,1,3,94,53,75,-22,Low Risk,0.7,0.12
55,1,32399.54,1,1,3,179190.96,3,5,25111.22,0,339,2,0,1,3,3,1,1,49,30,45,-15,Low Risk,0.65,0.78
71,0,174881.77,3,2,1,181107.81,2,2,32877.92,1,783,0,1,1,6,9,1,2,32,31,100,-69,Low Risk,0.31,0.19
73,0,240589.21,1,2,1,186391.08,2,3,201659.35,2,533,0,0,0,4,1,1,2,57,70,66,4,Medium Risk,1.04,0.84
23,4,6237.68,4,1,2,3042.33,2,1,60292.47,0,735,2,0,1,5,8,1,0,31,53,50,3,Medium Risk,1.04,9.66
66,1,242444.77,1,2,3,128439.22,1,2,148104.88,1,846,3,0,0,7,2,0,1,53,58,87,-29,Low Risk,0.66,0.61
49,0,106082.88,2,1,1,54796.42,0,10,39563.85,0,562,3,1,1,6,7,0,2,83,72,53,19,Medium Risk,1.33,0.37
25,0,190480.42,1,2,2,103382.5,2,2,71605.02,3,826,1,1,0,7,7,0,2,90,57,92,-35,Low Risk,0.61,0.38
52,0,34722.46,1,1,1,162524.97,0,5,201736.21,3,708,3,0,1,1,5,1,2,27,71,56,15,Medium Risk,1.25,5.81
68,0,62529.68,4,2,1,41717.63,1,4,242296.08,3,563,3,0,0,1,2,1,4,51,82,52,30,High Risk,1.55,3.87
34,1,42767.43,3,1,0,241727.94,0,8,81559.54,1,391,0,0,1,2,10,0,3,59,92,34,58,High Risk,2.63,1.91
50,1,149406.06,2,3,0,46834.34,0,4,115149.98,2,380,2,0,1,10,0,1,3,30,62,58,4,Medium Risk,1.05,0.77
42,0,201023.29,4,0,1,123881.15,0,4,20576.57,1,446,1,2,0,2,4,1,2,82,76,68,8,Medium Risk,1.1,0.1
20,0,61353.9,3,1,2,165392.26,0,9,245694.69,3,583,1,0,0,4,6,1,2,32,100,42,58,High Risk,2.33,4.0
78,0,33155.88,1,2,2,143169.01,1,1,89867.45,0,601,2,1,1,7,1,1,1,33,50,52,-2,Medium Risk,0.94,2.71
44,7,65831.62,4,3,3,34168.46,1,8,51335.02,2,377,2,2,1,7,4,1,2,89,64,65,-1,Medium Risk,0.97,0.78
80,0,65552.79,3,2,0,81010.41,0,6,96217.27,0,514,3,1,1,10,4,0,0,92,63,47,16,Medium Risk,1.31,1.47
65,1,24841.17,1,0,3,129691.13,2,6,24955.6,1,440,1,0,0,0,9,1,3,52,49,43,6,Medium Risk,1.11,1.0
32,1,88836.22,4,3,2,149531.98,3,4,48190.07,2,846,0,1,1,7,10,0,2,79,35,92,-57,Low Risk,0.38,0.54
38,0,19895.77,4,3,1,242155.46,2,9,179750.78,1,664,2,1,1,6,10,0,4,79,59,77,-18,Low Risk,0.76,9.03
76,0,8674.71,2,3,0,29050.12,1,2,29626.96,1,303,1,2,1,3,4,0,2,53,42,43,-1,Medium Risk,0.95,3.41
53,1,39084.83,3,2,2,2158.64,0,10,102790.95,1,475,2,1,0,4,8,0,3,20,100,34,66,High Risk,2.86,2.63
31,7,53002.3,1,3,2,227002.11,3,6,236733.61,2,666,1,1,0,1,10,0,3,13,83,63,20,Medium Risk,1.3,4.47
82,0,97381.97,4,0,3,44673.32,3,9,135348.57,2,648,2,0,1,1,1,0,2,68,56,58,-2,Medium Risk,0.95,1.39
67,5,79815.98,2,3,3,248230.36,1,5,249048.66,3,417,0,2,0,4,8,1,0,58,89,59,30,High Risk,1.48,3.12
38,1,243013.3,1,3,3,62309.69,0,1,111864.57,3,814,3,0,0,5,3,1,0,57,66,79,-13,Low Risk,0.82,0.46
45,7,118804.65,4,0,2,184328.85,3,2,56560.57,2,466,3,1,1,1,3,0,1,27,60,65,-5,Medium Risk,0.91,0.48
65,0,166761.76,1,0,3,163263.95,0,10,149013.31,2,503,2,2,0,9,2,1,2,34,86,62,24,High Risk,1.37,0.89
42,1,145599.82,4,0,0,150869.75,1,10,163597.09,3,491,1,0,0,9,7,0,3,69,85,63,22,High Risk,1.33,1.12
80,1,129216.89,1,0,2,141012.41,0,3,126268.63,2,817,1,1,1,1,10,0,3,95,70,71,-1,Medium Risk,0.97,0.98
35,1,134800.84,3,1,2,174898.26,0,5,50971.25,2,313,3,2,1,0,2,1,2,75,70,63,7,Medium Risk,1.09,0.38
69,0,166933.07,1,3,0,102225.44,2,3,122359.02,2,526,3,2,0,6,6,1,0,78,44,75,-31,Low Risk,0.58,0.73
70,1,581.67,1,0,0,99247.37,3,2,53464.31,3,695,2,0,1,3,7,0,4,67,29,54,-25,Low Risk,0.53,91.76
47,3,59845.61,1,0,1,125597.8,1,1,186092.84,2,800,0,2,0,0,5,0,0,92,85,61,24,High Risk,1.37,3.11
28,1,161588.26,2,0,3,214936.19,3,1,55929.78,2,336,0,2,0,7,7,0,4,87,78,69,9,Medium Risk,1.11,0.35
66,0,220489.95,3,2,1,77111.74,2,5,224627.24,0,519,3,2,1,6,4,1,3,13,57,81,-24,Low Risk,0.7,1.02
68,1,205139.79,3,0,0,13476.58,2,2,130150.78,0,307,2,0,1,8,9,0,1,15,53,65,-12,Low Risk,0.8,0.63
83,0,6249.84,4,0,1,10218.67,3,9,173229.53,2,589,1,0,1,5,5,0,4,34,63,48,15,Medium Risk,1.29,27.71
37,1,165552.98,1,3,0,234994.85,1,6,249015.6,3,328,0,2,1,3,9,1,3,30,73,68,5,Medium Risk,1.06,1.5
45,1,17361.52,3,0,3,2354.55,0,9,114498.9,1,535,0,1,0,6,6,0,0,71,100,26,74,High Risk,3.7,6.59
46,0,246725.21,4,0,3,67843.47,0,10,200685.06,3,622,2,0,0,10,3,0,4,41,100,70,30,High Risk,1.41,0.81
80,1,62596.93,2,2,3,151233.97,0,5,52243.59,3,388,2,2,1,7,3,0,1,4,75,56,19,Medium Risk,1.32,0.83
36,0,56457.73,2,3,1,107171.78,1,3,222995.47,1,513,2,1,0,10,2,0,4,96,81,59,22,High Risk,1.35,3.95
50,0,43491.22,2,0,2,245577.01,3,8,23702.95,1,330,3,0,1,2,5,0,0,9,57,47,10,Medium Risk,1.19,0.54
23,0,243984.85,4,1,3,200319.0,2,3,2437.7,0,433,1,0,0,2,7,0,3,1,66,71,-5,Medium Risk,0.92,0.01
36,1,79397.93,1,3,3,45791.82,1,8,23344.35,2,781,1,1,0,0,10,1,4,88,48,67,-19,Low Risk,0.71,0.29
60,0,59236.84,1,0,3,197536.5,1,9,69226.82,1,467,3,2,1,5,1,1,3,8,63,56,7,Medium Risk,1.11,1.17
85,0,111531.62,3,0,1,145195.07,1,6,73100.13,2,537,1,2,0,6,4,1,1,8,58,65,-7,Medium Risk,0.88,0.66
77,1,74002.03,3,2,2,96389.11,1,9,187951.29,0,447,2,1,0,4,8,0,2,57,94,51,43,High Risk,1.81,2.54
85,0,85605.93,2,3,1,105038.98,1,6,119911.5,1,725,2,2,1,2,2,1,0,69,46,73,-27,Low Risk,0.62,1.4
73,1,169003.4,1,0,0,42288.13,2,8,101254.54,2,665,3,2,1,1,6,1,4,56,42,78,-36,Low Risk,0.53,0.6
51,1,201737.12,3,2,3,85558.76,3,6,150111.16,3,365,3,2,1,10,9,1,2,59,65,85,-20,Low Risk,0.76,0.74
82,0,219088.73,4,3,3,10363.0,0,1,21260.57,0,313,1,0,1,2,5,0,2,93,71,60,11,Medium Risk,1.16,0.1
24,1,9536.95,4,2,0,118487.76,0,10,31494.38,0,679,1,0,1,3,8,1,4,77,69,46,23,High Risk,1.47,3.3
65,0,221801.73,4,2,3,104464.41,3,10,172228.21,1,800,2,2,0,7,0,1,1,53,57,100,-43,Low Risk,0.56,0.78
52,1,128790.11,2,2,2,79280.35,0,10,199045.39,0,654,3,1,1,1,3,0,2,65,87,54,33,High Risk,1.58,1.55
69,0,152278.24,3,0,2,157265.03,0,4,14676.84,1,792,1,1,0,6,9,1,1,10,58,87,-29,Low Risk,0.66,0.1
51,0,249707.41,2,2,3,109134.77,1,6,216960.19,0,335,0,0,0,9,6,0,4,29,100,60,40,High Risk,1.64,0.87
20,1,169152.15,4,2,1,205602.58,0,5,175624.59,3,849,0,2,0,5,6,0,1,37,99,85,14,Medium Risk,1.15,1.04
31,4,145073.3,3,2,0,157549.13,1,3,181996.67,1,722,3,2,0,4,3,1,3,62,70,74,-4,Medium Risk,0.93,1.25
50,3,32163.8,1,0,3,65653.42,0,1,26964.23,2,588,3,0,0,2,2,1,2,59,77,32,45,High Risk,2.33,0.84
23,0,15876.56,2,3,0,178501.67,1,4,176500.12,0,407,0,0,0,1,2,1,4,63,84,34,50,High Risk,2.4,11.12
43,0,88760.17,3,2,2,70156.31,1,2,179078.42,3,397,0,0,1,7,1,1,4,32,81,51,30,High Risk,1.56,2.02
80,0,121937.48,1,1,1,113720.66,0,3,190469.43,2,330,1,1,0,10,7,1,4,43,90,54,36,High Risk,1.64,1.56
46,1,245679.31,4,3,1,151778.46,3,1,92325.64,3,639,1,2,1,1,2,1,4,40,35,90,-55,Low Risk,0.38,0.38
53,1,222693.39,1,3,1,168025.64,0,6,67820.61,1,705,3,0,0,6,10,0,3,80,68,83,-15,Low Risk,0.81,0.3
84,1,134385.08,3,0,2,126273.53,0,4,139352.81,3,356,0,0,1,9,3,0,3,30,83,58,25,High Risk,1.41,1.04
34,0,16153.8,3,2,3,183501.86,3,7,43802.59,3,420,1,1,1,9,10,0,3,95,59,56,3,Medium Risk,1.04,2.71
45,1,79713.81,1,2,3,153964.9,2,3,56877.28,3,788,2,1,1,5,0,0,0,67,35,72,-37,Low Risk,0.48,0.71
20,7,153137.07,2,2,2,147725.05,0,8,69485.53,3,793,1,1,0,1,8,1,0,13,100,64,36,High Risk,1.54,0.45
21,1,88135.61,1,1,2,230740.66,0,10,234025.96,0,373,1,1,1,8,8,0,3,1,100,39,61,High Risk,2.5,2.66
54,1,222554.8,1,0,0,225364.15,2,5,207522.43,2,718,2,2,0,2,5,1,3,86,48,87,-39,Low Risk,0.55,0.93
65,7,226700.84,1,2,2,113004.32,3,8,204265.43,3,321,3,1,0,10,10,0,3,23,99,78,21,High Risk,1.25,0.9
36,0,217016.11,1,3,3,81629.35,0,3,230689.77,1,445,3,0,1,0,4,0,0,7,93,47,46,High Risk,1.94,1.06
26,1,147570.36,4,0,1,243720.65,1,6,68858.64,3,340,2,0,0,2,7,0,0,62,86,56,30,High Risk,1.51,0.47
31,1,236573.54,1,0,0,29336.91,1,1,184160.53,3,514,0,2,0,2,5,1,3,10,80,50,30,High Risk,1.57,0.78
19,0,12387.03,4,3,1,113348.09,3,1,133872.0,1,735,0,1,1,6,1,0,2,34,59,68,-9,Medium Risk,0.86,10.81
52,7,14524.97,4,3,2,49612.45,1,2,98239.23,3,563,3,0,0,1,6,0,2,87,73,48,25,High Risk,1.49,6.76
65,7,185560.21,2,0,0,149252.49,3,3,135713.07,1,775,0,0,1,5,0,0,4,83,38,81,-43,Low Risk,0.46,0.73
85,0,142653.88,3,0,0,86790.12,2,9,94124.03,3,547,2,0,1,1,5,0,1,3,47,62,-15,Low Risk,0.75,0.66
43,0,100508.81,2,0,1,175041.87,1,10,184094.49,2,839,2,2,0,4,1,0,4,48,77,83,-6,Medium Risk,0.92,1.83
36,1,21431.11,3,0,0,137950.36,2,2,53183.9,3,427,3,0,1,4,6,0,0,4,44,50,-6,Medium Risk,0.86,2.48
70,0,55526.42,4,0,3,100151.78,0,6,128925.9,3,480,2,1,1,8,0,0,3,91,79,62,17,Medium Risk,1.25,2.32
39,1,71604.63,2,0,1,158708.37,1,5,90428.32,1,310,3,2,0,2,3,0,0,58,77,46,31,High Risk,1.64,1.26
